0 verbose cli /Users/worklaptop/.nvm/versions/node/v20.20.1/bin/node /Users/worklaptop/.nvm/versions/node/v20.20.1/bin/npm
1 info using npm@10.8.2
2 info using node@v20.20.1
3 silly config load:file:/Users/worklaptop/.nvm/versions/node/v20.20.1/lib/node_modules/npm/npmrc
4 silly config load:file:/Users/worklaptop/Bazaaric/.npmrc
5 silly config load:file:/Users/worklaptop/.npmrc
6 verbose config error loading user config Error: EPERM: operation not permitted, open '/Users/worklaptop/.npmrc'
6 verbose config     at async open (node:internal/fs/promises:634:25)
6 verbose config     at async readFile (node:internal/fs/promises:1236:14)
6 verbose config     at async #loadFile (/Users/worklaptop/.nvm/versions/node/v20.20.1/lib/node_modules/npm/node_modules/@npmcli/config/lib/index.js:589:5)
6 verbose config     at async Config.load (/Users/worklaptop/.nvm/versions/node/v20.20.1/lib/node_modules/npm/node_modules/@npmcli/config/lib/index.js:250:5)
6 verbose config     at async #load (/Users/worklaptop/.nvm/versions/node/v20.20.1/lib/node_modules/npm/lib/npm.js:98:5)
6 verbose config     at async Npm.load (/Users/worklaptop/.nvm/versions/node/v20.20.1/lib/node_modules/npm/lib/npm.js:80:14)
6 verbose config     at async module.exports (/Users/worklaptop/.nvm/versions/node/v20.20.1/lib/node_modules/npm/lib/cli/entry.js:42:37) {
6 verbose config   errno: -1,
6 verbose config   code: 'EPERM',
6 verbose config   syscall: 'open',
6 verbose config   path: '/Users/worklaptop/.npmrc'
6 verbose config }
7 silly config load:file:/Users/worklaptop/.nvm/versions/node/v20.20.1/etc/npmrc
8 verbose title npm install
9 verbose argv "install" "--registry" "https://registry.npmjs.org/" "--cache" "./tmp-npm-cache" "--loglevel" "notice"
10 verbose logfile logs-max:10 dir:/Users/worklaptop/Bazaaric/tmp-npm-cache/_logs/2026-08-05T03_54_47_954Z-
11 verbose logfile /Users/worklaptop/Bazaaric/tmp-npm-cache/_logs/2026-08-05T03_54_47_954Z-debug-0.log
12 silly packumentCache heap:2197815296 maxSize:549453824 maxEntrySize:274726912
13 silly logfile done cleaning log files
14 silly idealTree buildDeps
15 silly fetch manifest firebase@^10.0.0
16 silly packumentCache full:https://registry.npmjs.org/firebase cache-miss
17 http fetch GET 200 https://registry.npmjs.org/npm 4317ms
18 http fetch GET 200 https://registry.npmjs.org/firebase 10367ms (cache miss)
19 silly packumentCache full:https://registry.npmjs.org/firebase set size:undefined disposed:false
20 silly fetch manifest next@^14.0.0
21 silly packumentCache full:https://registry.npmjs.org/next cache-miss
22 http fetch GET 200 https://registry.npmjs.org/next 4995ms (cache miss)
23 silly packumentCache full:https://registry.npmjs.org/next set size:undefined disposed:false
24 silly fetch manifest @opentelemetry/api@^1.1.0
25 silly packumentCache full:https://registry.npmjs.org/@opentelemetry%2fapi cache-miss
26 http fetch GET 200 https://registry.npmjs.org/@opentelemetry%2fapi 327ms (cache miss)
27 silly packumentCache full:https://registry.npmjs.org/@opentelemetry%2fapi set size:undefined disposed:false
28 silly fetch manifest @playwright/test@^1.41.2
29 silly packumentCache full:https://registry.npmjs.org/@playwright%2ftest cache-miss
30 http fetch GET 200 https://registry.npmjs.org/@playwright%2ftest 6254ms (cache miss)
31 silly packumentCache full:https://registry.npmjs.org/@playwright%2ftest set size:undefined disposed:false
32 silly fetch manifest react@^18.2.0
33 silly packumentCache full:https://registry.npmjs.org/react cache-miss
34 http fetch GET 200 https://registry.npmjs.org/react 3329ms (cache miss)
35 silly packumentCache full:https://registry.npmjs.org/react set size:undefined disposed:false
36 silly fetch manifest react-dom@^18.2.0
37 silly packumentCache full:https://registry.npmjs.org/react-dom cache-miss
38 http fetch GET 200 https://registry.npmjs.org/react-dom 2898ms (cache miss)
39 silly packumentCache full:https://registry.npmjs.org/react-dom set size:undefined disposed:false
40 silly fetch manifest sass@^1.3.0
41 silly packumentCache full:https://registry.npmjs.org/sass cache-miss
42 http fetch GET 200 https://registry.npmjs.org/sass 542ms (cache miss)
43 silly packumentCache full:https://registry.npmjs.org/sass set size:undefined disposed:false
44 silly fetch manifest @types/node@^20.11.0
45 silly packumentCache full:https://registry.npmjs.org/@types%2fnode cache-miss
46 http fetch GET 200 https://registry.npmjs.org/@types%2fnode 3448ms (cache miss)
47 silly packumentCache full:https://registry.npmjs.org/@types%2fnode set size:undefined disposed:false
48 silly fetch manifest @types/react@^18.3.31
49 silly packumentCache full:https://registry.npmjs.org/@types%2freact cache-miss
50 http fetch GET 200 https://registry.npmjs.org/@types%2freact 610ms (cache miss)
51 silly packumentCache full:https://registry.npmjs.org/@types%2freact set size:undefined disposed:false
52 silly fetch manifest @types/react-dom@^18.3.7
53 silly packumentCache full:https://registry.npmjs.org/@types%2freact-dom cache-miss
54 http fetch GET 200 https://registry.npmjs.org/@types%2freact-dom 276ms (cache miss)
55 silly packumentCache full:https://registry.npmjs.org/@types%2freact-dom set size:undefined disposed:false
56 silly fetch manifest typescript@5.5.4
57 silly packumentCache full:https://registry.npmjs.org/typescript cache-miss
58 http fetch GET 200 https://registry.npmjs.org/typescript 2922ms (cache miss)
59 silly packumentCache full:https://registry.npmjs.org/typescript set size:undefined disposed:false
60 silly placeDep ROOT @types/node@20.19.43 OK for: bazaaric@0.1.0 want: ^20.11.0
61 silly placeDep ROOT @types/react@18.3.31 OK for: bazaaric@0.1.0 want: ^18.3.31
62 silly placeDep ROOT @types/react-dom@18.3.7 OK for: bazaaric@0.1.0 want: ^18.3.7
63 silly placeDep ROOT firebase@10.14.1 OK for: bazaaric@0.1.0 want: ^10.0.0
64 silly placeDep ROOT next@14.2.35 OK for: bazaaric@0.1.0 want: ^14.0.0
65 silly placeDep ROOT react@18.3.1 OK for: next@14.2.35 want: ^18.2.0
66 silly placeDep ROOT react-dom@18.3.1 OK for: next@14.2.35 want: ^18.2.0
67 silly placeDep ROOT typescript@5.5.4 OK for: bazaaric@0.1.0 want: 5.5.4
68 silly fetch manifest undici-types@~6.21.0
69 silly packumentCache full:https://registry.npmjs.org/undici-types cache-miss
70 silly fetch manifest csstype@^3.2.2
71 silly packumentCache full:https://registry.npmjs.org/csstype cache-miss
72 silly fetch manifest @types/prop-types@*
73 silly packumentCache full:https://registry.npmjs.org/@types%2fprop-types cache-miss
74 silly fetch manifest @firebase/app@0.10.13
75 silly packumentCache full:https://registry.npmjs.org/@firebase%2fapp cache-miss
76 silly fetch manifest @firebase/auth@1.7.9
77 silly packumentCache full:https://registry.npmjs.org/@firebase%2fauth cache-miss
78 silly fetch manifest @firebase/util@1.10.0
79 silly packumentCache full:https://registry.npmjs.org/@firebase%2futil cache-miss
80 silly fetch manifest @firebase/storage@0.13.2
81 silly packumentCache full:https://registry.npmjs.org/@firebase%2fstorage cache-miss
82 http fetch GET 200 https://registry.npmjs.org/undici-types 113ms (cache miss)
83 silly packumentCache full:https://registry.npmjs.org/undici-types set size:undefined disposed:false
84 silly fetch manifest @firebase/database@1.0.8
85 silly packumentCache full:https://registry.npmjs.org/@firebase%2fdatabase cache-miss
86 http fetch GET 200 https://registry.npmjs.org/csstype 157ms (cache miss)
87 silly packumentCache full:https://registry.npmjs.org/csstype set size:undefined disposed:false
88 silly fetch manifest @firebase/analytics@0.10.8
89 silly packumentCache full:https://registry.npmjs.org/@firebase%2fanalytics cache-miss
90 http fetch GET 200 https://registry.npmjs.org/@types%2fprop-types 160ms (cache miss)
91 silly packumentCache full:https://registry.npmjs.org/@types%2fprop-types set size:undefined disposed:false
92 silly fetch manifest @firebase/app-check@0.8.8
93 silly packumentCache full:https://registry.npmjs.org/@firebase%2fapp-check cache-miss
94 http fetch GET 200 https://registry.npmjs.org/@firebase%2fapp-check 4615ms (cache miss)
95 silly packumentCache full:https://registry.npmjs.org/@firebase%2fapp-check set size:undefined disposed:false
96 silly fetch manifest @firebase/app-types@0.9.2
97 silly packumentCache full:https://registry.npmjs.org/@firebase%2fapp-types cache-miss
98 http fetch GET 200 https://registry.npmjs.org/@firebase%2fapp 7563ms (cache miss)
99 silly packumentCache full:https://registry.npmjs.org/@firebase%2fapp set size:undefined disposed:false
100 silly fetch manifest @firebase/firestore@4.7.3
101 silly packumentCache full:https://registry.npmjs.org/@firebase%2ffirestore cache-miss
102 http fetch GET 200 https://registry.npmjs.org/@firebase%2fauth 9513ms (cache miss)
103 silly packumentCache full:https://registry.npmjs.org/@firebase%2fauth set size:undefined disposed:false
104 silly fetch manifest @firebase/functions@0.11.8
105 silly packumentCache full:https://registry.npmjs.org/@firebase%2ffunctions cache-miss
106 http fetch GET 200 https://registry.npmjs.org/@firebase%2fdatabase 11545ms (cache miss)
107 silly packumentCache full:https://registry.npmjs.org/@firebase%2fdatabase set size:undefined disposed:false
108 silly fetch manifest @firebase/messaging@0.12.12
109 silly packumentCache full:https://registry.npmjs.org/@firebase%2fmessaging cache-miss
110 http fetch GET 200 https://registry.npmjs.org/@firebase%2fapp-types 7283ms (cache miss)
111 silly packumentCache full:https://registry.npmjs.org/@firebase%2fapp-types set size:undefined disposed:false
112 silly fetch manifest @firebase/app-compat@0.2.43
113 silly packumentCache full:https://registry.npmjs.org/@firebase%2fapp-compat cache-miss
114 http fetch GET 200 https://registry.npmjs.org/@firebase%2fapp-compat 2283ms (cache miss)
115 silly packumentCache full:https://registry.npmjs.org/@firebase%2fapp-compat set size:undefined disposed:false
116 silly fetch manifest @firebase/auth-compat@0.5.14
117 silly packumentCache full:https://registry.npmjs.org/@firebase%2fauth-compat cache-miss
118 http fetch GET 200 https://registry.npmjs.org/@firebase%2fanalytics 14829ms (cache miss)
119 silly packumentCache full:https://registry.npmjs.org/@firebase%2fanalytics set size:undefined disposed:false
120 silly fetch manifest @firebase/performance@0.6.9
121 silly packumentCache full:https://registry.npmjs.org/@firebase%2fperformance cache-miss
122 http fetch GET 200 https://registry.npmjs.org/@firebase%2fauth-compat 2597ms (cache miss)
123 silly packumentCache full:https://registry.npmjs.org/@firebase%2fauth-compat set size:undefined disposed:false
124 silly fetch manifest @firebase/data-connect@0.1.0
125 silly packumentCache full:https://registry.npmjs.org/@firebase%2fdata-connect cache-miss
126 http fetch GET 200 https://registry.npmjs.org/@firebase%2futil 17178ms (cache miss)
127 silly packumentCache full:https://registry.npmjs.org/@firebase%2futil set size:undefined disposed:false
128 silly fetch manifest @firebase/installations@0.6.9
129 silly packumentCache full:https://registry.npmjs.org/@firebase%2finstallations cache-miss
130 http fetch GET 200 https://registry.npmjs.org/@firebase%2fdata-connect 656ms (cache miss)
131 silly packumentCache full:https://registry.npmjs.org/@firebase%2fdata-connect set size:undefined disposed:false
132 silly fetch manifest @firebase/remote-config@0.4.9
133 silly packumentCache full:https://registry.npmjs.org/@firebase%2fremote-config cache-miss
134 http fetch GET 200 https://registry.npmjs.org/@firebase%2ffirestore 11997ms (cache miss)
135 silly packumentCache full:https://registry.npmjs.org/@firebase%2ffirestore set size:undefined disposed:false
136 silly fetch manifest @firebase/storage-compat@0.3.12
137 silly packumentCache full:https://registry.npmjs.org/@firebase%2fstorage-compat cache-miss
138 http fetch GET 200 https://registry.npmjs.org/@firebase%2fstorage 20113ms (cache miss)
139 silly packumentCache full:https://registry.npmjs.org/@firebase%2fstorage set size:undefined disposed:false
140 silly fetch manifest @firebase/database-compat@1.0.8
141 silly packumentCache full:https://registry.npmjs.org/@firebase%2fdatabase-compat cache-miss
142 http fetch GET 200 https://registry.npmjs.org/@firebase%2ffunctions 12558ms (cache miss)
143 silly packumentCache full:https://registry.npmjs.org/@firebase%2ffunctions set size:undefined disposed:false
144 silly fetch manifest @firebase/analytics-compat@0.2.14
145 silly packumentCache full:https://registry.npmjs.org/@firebase%2fanalytics-compat cache-miss
146 http fetch GET 200 https://registry.npmjs.org/@firebase%2fstorage-compat 3485ms (cache miss)
147 silly packumentCache full:https://registry.npmjs.org/@firebase%2fstorage-compat set size:undefined disposed:false
148 silly fetch manifest @firebase/app-check-compat@0.3.15
149 silly packumentCache full:https://registry.npmjs.org/@firebase%2fapp-check-compat cache-miss
150 http fetch GET 200 https://registry.npmjs.org/@firebase%2fdatabase-compat 3471ms (cache miss)
151 silly packumentCache full:https://registry.npmjs.org/@firebase%2fdatabase-compat set size:undefined disposed:false
152 silly fetch manifest @firebase/firestore-compat@0.3.38
153 silly packumentCache full:https://registry.npmjs.org/@firebase%2ffirestore-compat cache-miss
154 http fetch GET 200 https://registry.npmjs.org/@firebase%2fmessaging 12336ms (cache miss)
155 silly packumentCache full:https://registry.npmjs.org/@firebase%2fmessaging set size:undefined disposed:false
156 silly fetch manifest @firebase/functions-compat@0.3.14
157 silly packumentCache full:https://registry.npmjs.org/@firebase%2ffunctions-compat cache-miss
158 http fetch GET 200 https://registry.npmjs.org/@firebase%2fremote-config 6575ms (cache miss)
159 silly packumentCache full:https://registry.npmjs.org/@firebase%2fremote-config set size:undefined disposed:false
160 silly fetch manifest @firebase/messaging-compat@0.2.12
161 silly packumentCache full:https://registry.npmjs.org/@firebase%2fmessaging-compat cache-miss
162 http fetch GET 200 https://registry.npmjs.org/@firebase%2fperformance 9365ms (cache miss)
163 silly packumentCache full:https://registry.npmjs.org/@firebase%2fperformance set size:undefined disposed:false
164 silly fetch manifest @firebase/vertexai-preview@0.0.4
165 silly packumentCache full:https://registry.npmjs.org/@firebase%2fvertexai-preview cache-miss
166 http fetch GET 200 https://registry.npmjs.org/@firebase%2fvertexai-preview 684ms (cache miss)
167 silly packumentCache full:https://registry.npmjs.org/@firebase%2fvertexai-preview set size:undefined disposed:false
168 silly fetch manifest @firebase/performance-compat@0.2.9
169 silly packumentCache full:https://registry.npmjs.org/@firebase%2fperformance-compat cache-miss
170 http fetch GET 200 https://registry.npmjs.org/@firebase%2ffirestore-compat 2222ms (cache miss)
171 silly packumentCache full:https://registry.npmjs.org/@firebase%2ffirestore-compat set size:undefined disposed:false
172 silly fetch manifest @firebase/installations-compat@0.2.9
173 silly packumentCache full:https://registry.npmjs.org/@firebase%2finstallations-compat cache-miss
174 http fetch GET 200 https://registry.npmjs.org/@firebase%2fapp-check-compat 3026ms (cache miss)
175 silly packumentCache full:https://registry.npmjs.org/@firebase%2fapp-check-compat set size:undefined disposed:false
176 silly fetch manifest @firebase/remote-config-compat@0.2.9
177 silly packumentCache full:https://registry.npmjs.org/@firebase%2fremote-config-compat cache-miss
178 http fetch GET 200 https://registry.npmjs.org/@firebase%2fanalytics-compat 4806ms (cache miss)
179 silly packumentCache full:https://registry.npmjs.org/@firebase%2fanalytics-compat set size:undefined disposed:false
180 silly fetch manifest busboy@1.6.0
181 silly packumentCache full:https://registry.npmjs.org/busboy cache-miss
182 http fetch GET 200 https://registry.npmjs.org/busboy 277ms (cache miss)
183 silly packumentCache full:https://registry.npmjs.org/busboy set size:undefined disposed:false
184 silly fetch manifest postcss@8.4.31
185 silly packumentCache full:https://registry.npmjs.org/postcss cache-miss
186 http fetch GET 200 https://registry.npmjs.org/@firebase%2fmessaging-compat 3737ms (cache miss)
187 silly packumentCache full:https://registry.npmjs.org/@firebase%2fmessaging-compat set size:undefined disposed:false
188 silly fetch manifest @next/env@14.2.35
189 silly packumentCache full:https://registry.npmjs.org/@next%2fenv cache-miss
190 http fetch GET 200 https://registry.npmjs.org/postcss 911ms (cache miss)
191 silly packumentCache full:https://registry.npmjs.org/postcss set size:undefined disposed:false
192 silly fetch manifest styled-jsx@5.1.1
193 silly packumentCache full:https://registry.npmjs.org/styled-jsx cache-miss
194 http fetch GET 200 https://registry.npmjs.org/@firebase%2ffunctions-compat 4246ms (cache miss)
195 silly packumentCache full:https://registry.npmjs.org/@firebase%2ffunctions-compat set size:undefined disposed:false
196 silly fetch manifest graceful-fs@^4.2.11
197 silly packumentCache full:https://registry.npmjs.org/graceful-fs cache-miss
198 http fetch GET 200 https://registry.npmjs.org/styled-jsx 452ms (cache miss)
199 silly packumentCache full:https://registry.npmjs.org/styled-jsx set size:undefined disposed:false
200 silly fetch manifest @swc/helpers@0.5.5
201 silly packumentCache full:https://registry.npmjs.org/@swc%2fhelpers cache-miss
202 http fetch GET 200 https://registry.npmjs.org/graceful-fs 197ms (cache miss)
203 silly packumentCache full:https://registry.npmjs.org/graceful-fs set size:undefined disposed:false
204 silly fetch manifest caniuse-lite@^1.0.30001579
205 silly packumentCache full:https://registry.npmjs.org/caniuse-lite cache-miss
206 http fetch GET 200 https://registry.npmjs.org/@firebase%2finstallations-compat 3003ms (cache miss)
207 silly packumentCache full:https://registry.npmjs.org/@firebase%2finstallations-compat set size:undefined disposed:false
208 silly fetch manifest @next/swc-darwin-x64@14.2.33
209 silly packumentCache full:https://registry.npmjs.org/@next%2fswc-darwin-x64 cache-miss
210 http fetch GET 200 https://registry.npmjs.org/@swc%2fhelpers 460ms (cache miss)
211 silly packumentCache full:https://registry.npmjs.org/@swc%2fhelpers set size:undefined disposed:false
212 silly fetch manifest @next/swc-darwin-arm64@14.2.33
213 silly packumentCache full:https://registry.npmjs.org/@next%2fswc-darwin-arm64 cache-miss
214 http fetch GET 200 https://registry.npmjs.org/@firebase%2fremote-config-compat 2760ms (cache miss)
215 silly packumentCache full:https://registry.npmjs.org/@firebase%2fremote-config-compat set size:undefined disposed:false
216 silly fetch manifest @next/swc-linux-x64-gnu@14.2.33
217 silly packumentCache full:https://registry.npmjs.org/@next%2fswc-linux-x64-gnu cache-miss
218 http fetch GET 200 https://registry.npmjs.org/@firebase%2fperformance-compat 4447ms (cache miss)
219 silly packumentCache full:https://registry.npmjs.org/@firebase%2fperformance-compat set size:undefined disposed:false
220 silly fetch manifest @next/swc-linux-x64-musl@14.2.33
221 silly packumentCache full:https://registry.npmjs.org/@next%2fswc-linux-x64-musl cache-miss
222 http fetch GET 200 https://registry.npmjs.org/caniuse-lite 2778ms (cache miss)
223 silly packumentCache full:https://registry.npmjs.org/caniuse-lite set size:undefined disposed:false
224 silly fetch manifest @next/swc-win32-x64-msvc@14.2.33
225 silly packumentCache full:https://registry.npmjs.org/@next%2fswc-win32-x64-msvc cache-miss
226 http fetch GET 200 https://registry.npmjs.org/@firebase%2finstallations 15157ms (cache miss)
227 silly packumentCache full:https://registry.npmjs.org/@firebase%2finstallations set size:undefined disposed:false
228 silly fetch manifest @next/swc-linux-arm64-gnu@14.2.33
229 silly packumentCache full:https://registry.npmjs.org/@next%2fswc-linux-arm64-gnu cache-miss
230 http fetch GET 200 https://registry.npmjs.org/@next%2fenv 5677ms (cache miss)
231 silly packumentCache full:https://registry.npmjs.org/@next%2fenv set size:undefined disposed:false
232 silly fetch manifest @next/swc-win32-ia32-msvc@14.2.33
233 silly packumentCache full:https://registry.npmjs.org/@next%2fswc-win32-ia32-msvc cache-miss
234 http fetch GET 200 https://registry.npmjs.org/@next%2fswc-linux-x64-gnu 4869ms (cache miss)
235 silly packumentCache full:https://registry.npmjs.org/@next%2fswc-linux-x64-gnu set size:undefined disposed:false
236 silly fetch manifest @next/swc-linux-arm64-musl@14.2.33
237 silly packumentCache full:https://registry.npmjs.org/@next%2fswc-linux-arm64-musl cache-miss
238 http fetch GET 200 https://registry.npmjs.org/@next%2fswc-linux-x64-musl 4764ms (cache miss)
239 silly packumentCache full:https://registry.npmjs.org/@next%2fswc-linux-x64-musl set size:undefined disposed:false
240 silly fetch manifest @next/swc-win32-arm64-msvc@14.2.33
241 silly packumentCache full:https://registry.npmjs.org/@next%2fswc-win32-arm64-msvc cache-miss
242 http fetch GET 200 https://registry.npmjs.org/@next%2fswc-darwin-x64 5693ms (cache miss)
243 silly packumentCache full:https://registry.npmjs.org/@next%2fswc-darwin-x64 set size:undefined disposed:false
244 silly fetch manifest scheduler@^0.23.2
245 silly packumentCache full:https://registry.npmjs.org/scheduler cache-miss
246 http fetch GET 200 https://registry.npmjs.org/@next%2fswc-darwin-arm64 6482ms (cache miss)
247 silly packumentCache full:https://registry.npmjs.org/@next%2fswc-darwin-arm64 set size:undefined disposed:false
248 silly fetch manifest loose-envify@^1.1.0
249 silly packumentCache full:https://registry.npmjs.org/loose-envify cache-miss
250 http fetch GET 200 https://registry.npmjs.org/loose-envify 143ms (cache miss)
251 silly packumentCache full:https://registry.npmjs.org/loose-envify set size:undefined disposed:false
252 http fetch GET 200 https://registry.npmjs.org/@next%2fswc-linux-arm64-gnu 4149ms (cache miss)
253 silly packumentCache full:https://registry.npmjs.org/@next%2fswc-linux-arm64-gnu set size:undefined disposed:false
254 http fetch GET 200 https://registry.npmjs.org/@next%2fswc-win32-ia32-msvc 2751ms (cache miss)
255 silly packumentCache full:https://registry.npmjs.org/@next%2fswc-win32-ia32-msvc set size:undefined disposed:false
256 http fetch GET 200 https://registry.npmjs.org/@next%2fswc-win32-x64-msvc 5216ms (cache miss)
257 silly packumentCache full:https://registry.npmjs.org/@next%2fswc-win32-x64-msvc set size:undefined disposed:false
258 http fetch GET 200 https://registry.npmjs.org/@next%2fswc-win32-arm64-msvc 3795ms (cache miss)
259 silly packumentCache full:https://registry.npmjs.org/@next%2fswc-win32-arm64-msvc set size:undefined disposed:false
260 http fetch GET 200 https://registry.npmjs.org/@next%2fswc-linux-arm64-musl 3992ms (cache miss)
261 silly packumentCache full:https://registry.npmjs.org/@next%2fswc-linux-arm64-musl set size:undefined disposed:false
262 http fetch GET 200 https://registry.npmjs.org/scheduler 3757ms (cache miss)
263 silly packumentCache full:https://registry.npmjs.org/scheduler set size:undefined disposed:false
264 silly placeDep ROOT undici-types@6.21.0 OK for: @types/node@20.19.43 want: ~6.21.0
265 silly placeDep ROOT @types/prop-types@15.7.15 OK for: @types/react@18.3.31 want: *
266 silly placeDep ROOT csstype@3.2.3 OK for: @types/react@18.3.31 want: ^3.2.2
267 silly fetch manifest @react-native-async-storage/async-storage@^1.18.1
268 silly packumentCache full:https://registry.npmjs.org/@react-native-async-storage%2fasync-storage cache-miss
269 http fetch GET 200 https://registry.npmjs.org/@react-native-async-storage%2fasync-storage 467ms (cache miss)
270 silly packumentCache full:https://registry.npmjs.org/@react-native-async-storage%2fasync-storage set size:undefined disposed:false
271 silly fetch manifest react-native@^0.0.0-0 || >=0.60 <1.0
272 silly packumentCache full:https://registry.npmjs.org/react-native cache-miss
273 http fetch GET 200 https://registry.npmjs.org/react-native 2942ms (cache miss)
274 silly packumentCache full:https://registry.npmjs.org/react-native set size:undefined disposed:false
275 silly fetch manifest @react-native/jest-preset@0.86.2
276 silly packumentCache full:https://registry.npmjs.org/@react-native%2fjest-preset cache-miss
277 http fetch GET 200 https://registry.npmjs.org/@react-native%2fjest-preset 137ms (cache miss)
278 silly packumentCache full:https://registry.npmjs.org/@react-native%2fjest-preset set size:undefined disposed:false
279 silly fetch manifest react@^19.2.3
280 silly packumentCache full:https://registry.npmjs.org/react cache-miss
281 http fetch GET 200 https://registry.npmjs.org/react 18ms (cache hit)
282 silly packumentCache full:https://registry.npmjs.org/react set size:6863945 disposed:false
283 silly fetch manifest @types/react@^19.1.1
284 silly packumentCache full:https://registry.npmjs.org/@types%2freact cache-miss
285 http fetch GET 200 https://registry.npmjs.org/@types%2freact 5ms (cache hit)
286 silly packumentCache full:https://registry.npmjs.org/@types%2freact set size:2637439 disposed:false
287 silly placeDep ROOT @firebase/analytics@0.10.8 OK for: firebase@10.14.1 want: 0.10.8
288 silly placeDep ROOT @firebase/app@0.10.13 OK for: @firebase/analytics@0.10.8 want: 0.x
289 silly placeDep ROOT @firebase/analytics-compat@0.2.14 OK for: firebase@10.14.1 want: 0.2.14
290 silly placeDep ROOT @firebase/app-compat@0.2.43 OK for: @firebase/analytics-compat@0.2.14 want: 0.x
291 silly placeDep ROOT @firebase/app-check@0.8.8 OK for: firebase@10.14.1 want: 0.8.8
292 silly placeDep ROOT @firebase/app-check-compat@0.3.15 OK for: firebase@10.14.1 want: 0.3.15
293 silly placeDep ROOT @firebase/app-types@0.9.2 OK for: firebase@10.14.1 want: 0.9.2
294 silly placeDep node_modules/firebase @firebase/auth@1.7.9 OK for: firebase@10.14.1 want: 1.7.9
295 silly placeDep ROOT @firebase/auth-compat@0.5.14 OK for: firebase@10.14.1 want: 0.5.14
296 silly placeDep ROOT @firebase/data-connect@0.1.0 OK for: firebase@10.14.1 want: 0.1.0
297 silly placeDep ROOT @firebase/database@1.0.8 OK for: firebase@10.14.1 want: 1.0.8
298 silly placeDep ROOT @firebase/database-compat@1.0.8 OK for: firebase@10.14.1 want: 1.0.8
299 silly placeDep ROOT @firebase/firestore@4.7.3 OK for: firebase@10.14.1 want: 4.7.3
300 silly placeDep ROOT @firebase/firestore-compat@0.3.38 OK for: firebase@10.14.1 want: 0.3.38
301 silly placeDep ROOT @firebase/functions@0.11.8 OK for: firebase@10.14.1 want: 0.11.8
302 silly placeDep ROOT @firebase/functions-compat@0.3.14 OK for: firebase@10.14.1 want: 0.3.14
303 silly placeDep ROOT @firebase/installations@0.6.9 OK for: firebase@10.14.1 want: 0.6.9
304 silly placeDep ROOT @firebase/installations-compat@0.2.9 OK for: firebase@10.14.1 want: 0.2.9
305 silly placeDep ROOT @firebase/messaging@0.12.12 OK for: firebase@10.14.1 want: 0.12.12
306 silly placeDep ROOT @firebase/messaging-compat@0.2.12 OK for: firebase@10.14.1 want: 0.2.12
307 silly placeDep ROOT @firebase/performance@0.6.9 OK for: firebase@10.14.1 want: 0.6.9
308 silly placeDep ROOT @firebase/performance-compat@0.2.9 OK for: firebase@10.14.1 want: 0.2.9
309 silly placeDep ROOT @firebase/remote-config@0.4.9 OK for: firebase@10.14.1 want: 0.4.9
310 silly placeDep ROOT @firebase/remote-config-compat@0.2.9 OK for: firebase@10.14.1 want: 0.2.9
311 silly placeDep ROOT @firebase/storage@0.13.2 OK for: firebase@10.14.1 want: 0.13.2
312 silly placeDep ROOT @firebase/storage-compat@0.3.12 OK for: firebase@10.14.1 want: 0.3.12
313 silly placeDep ROOT @firebase/util@1.10.0 OK for: firebase@10.14.1 want: 1.10.0
314 silly placeDep ROOT @firebase/vertexai-preview@0.0.4 OK for: firebase@10.14.1 want: 0.0.4
315 silly fetch manifest tslib@^2.1.0
316 silly packumentCache full:https://registry.npmjs.org/tslib cache-miss
317 silly fetch manifest @firebase/logger@0.4.2
318 silly packumentCache full:https://registry.npmjs.org/@firebase%2flogger cache-miss
319 silly fetch manifest @firebase/component@0.6.9
320 silly packumentCache full:https://registry.npmjs.org/@firebase%2fcomponent cache-miss
321 silly fetch manifest idb@7.1.1
322 silly packumentCache full:https://registry.npmjs.org/idb cache-miss
323 silly fetch manifest tslib@^2.1.0
324 silly packumentCache full:https://registry.npmjs.org/tslib cache-miss
325 silly fetch manifest @firebase/logger@0.4.2
326 silly packumentCache full:https://registry.npmjs.org/@firebase%2flogger cache-miss
327 silly fetch manifest @firebase/component@0.6.9
328 silly packumentCache full:https://registry.npmjs.org/@firebase%2fcomponent cache-miss
329 http fetch GET 200 https://registry.npmjs.org/idb 73ms (cache miss)
330 silly packumentCache full:https://registry.npmjs.org/idb set size:undefined disposed:false
331 silly fetch manifest tslib@^2.1.0
332 silly packumentCache full:https://registry.npmjs.org/tslib cache-miss
333 http fetch GET 200 https://registry.npmjs.org/tslib 509ms (cache miss)
334 silly packumentCache full:https://registry.npmjs.org/tslib set size:undefined disposed:false
335 silly fetch manifest @firebase/component@0.6.9
336 silly packumentCache full:https://registry.npmjs.org/@firebase%2fcomponent cache-miss
337 http fetch GET 200 https://registry.npmjs.org/tslib 721ms (cache miss)
338 silly packumentCache full:https://registry.npmjs.org/tslib set size:undefined disposed:false
339 silly fetch manifest @firebase/analytics-types@0.8.2
340 silly packumentCache full:https://registry.npmjs.org/@firebase%2fanalytics-types cache-miss
341 http fetch GET 200 https://registry.npmjs.org/tslib 756ms (cache miss)
342 silly packumentCache full:https://registry.npmjs.org/tslib set size:undefined disposed:false
343 silly fetch manifest @firebase/logger@0.4.2
344 silly packumentCache full:https://registry.npmjs.org/@firebase%2flogger cache-miss
345 http fetch GET 200 https://registry.npmjs.org/@firebase%2flogger 7058ms (cache miss)
346 silly packumentCache full:https://registry.npmjs.org/@firebase%2flogger set size:undefined disposed:false
347 silly fetch manifest @firebase/component@0.6.9
348 silly packumentCache full:https://registry.npmjs.org/@firebase%2fcomponent cache-miss
349 http fetch GET 200 https://registry.npmjs.org/@firebase%2fcomponent 7758ms (cache miss)
350 silly packumentCache full:https://registry.npmjs.org/@firebase%2fcomponent set size:undefined disposed:false
351 silly fetch manifest @firebase/app-check-types@0.5.2
352 silly packumentCache full:https://registry.npmjs.org/@firebase%2fapp-check-types cache-miss
353 http fetch GET 200 https://registry.npmjs.org/@firebase%2fcomponent 7586ms (cache miss)
354 silly packumentCache full:https://registry.npmjs.org/@firebase%2fcomponent set size:undefined disposed:false
355 silly fetch manifest undici@6.19.7
356 silly packumentCache full:https://registry.npmjs.org/undici cache-miss
357 http fetch GET 200 https://registry.npmjs.org/@firebase%2flogger 8575ms (cache miss)
358 silly packumentCache full:https://registry.npmjs.org/@firebase%2flogger set size:undefined disposed:false
359 silly fetch manifest undici@6.19.7
360 silly packumentCache full:https://registry.npmjs.org/undici cache-miss
361 http fetch GET 200 https://registry.npmjs.org/undici 963ms (cache miss)
362 silly packumentCache full:https://registry.npmjs.org/undici set size:undefined disposed:false
363 silly fetch manifest @firebase/auth-types@0.12.2
364 silly packumentCache full:https://registry.npmjs.org/@firebase%2fauth-types cache-miss
365 http fetch GET 200 https://registry.npmjs.org/undici 822ms (cache miss)
366 silly packumentCache full:https://registry.npmjs.org/undici set size:undefined disposed:false
367 silly fetch manifest @firebase/auth-interop-types@0.2.3
368 silly packumentCache full:https://registry.npmjs.org/@firebase%2fauth-interop-types cache-miss
369 http fetch GET 200 https://registry.npmjs.org/@firebase%2fcomponent 9984ms (cache miss)
370 silly packumentCache full:https://registry.npmjs.org/@firebase%2fcomponent set size:undefined disposed:false
371 silly fetch manifest faye-websocket@0.11.4
372 silly packumentCache full:https://registry.npmjs.org/faye-websocket cache-miss
373 http fetch GET 200 https://registry.npmjs.org/faye-websocket 181ms (cache miss)
374 silly packumentCache full:https://registry.npmjs.org/faye-websocket set size:undefined disposed:false
375 silly fetch manifest @firebase/auth-interop-types@0.2.3
376 silly packumentCache full:https://registry.npmjs.org/@firebase%2fauth-interop-types cache-miss
377 http fetch GET 200 https://registry.npmjs.org/@firebase%2fapp-check-types 3142ms (cache miss)
378 silly packumentCache full:https://registry.npmjs.org/@firebase%2fapp-check-types set size:undefined disposed:false
379 silly fetch manifest @firebase/app-check-interop-types@0.3.2
380 silly packumentCache full:https://registry.npmjs.org/@firebase%2fapp-check-interop-types cache-miss
381 http fetch GET 200 https://registry.npmjs.org/@firebase%2fanalytics-types 11576ms (cache miss)
382 silly packumentCache full:https://registry.npmjs.org/@firebase%2fanalytics-types set size:undefined disposed:false
383 silly fetch manifest @firebase/database-types@1.0.5
384 silly packumentCache full:https://registry.npmjs.org/@firebase%2fdatabase-types cache-miss
385 http fetch GET 200 https://registry.npmjs.org/@firebase%2flogger 12227ms (cache miss)
386 silly packumentCache full:https://registry.npmjs.org/@firebase%2flogger set size:undefined disposed:false
387 silly fetch manifest @grpc/grpc-js@~1.9.0
388 silly packumentCache full:https://registry.npmjs.org/@grpc%2fgrpc-js cache-miss
389 http fetch GET 200 https://registry.npmjs.org/@firebase%2fapp-check-interop-types 2903ms (cache miss)
390 silly packumentCache full:https://registry.npmjs.org/@firebase%2fapp-check-interop-types set size:undefined disposed:false
391 silly fetch manifest @grpc/proto-loader@^0.7.8
392 silly packumentCache full:https://registry.npmjs.org/@grpc%2fproto-loader cache-miss
393 http fetch GET 200 https://registry.npmjs.org/@grpc%2fproto-loader 402ms (cache miss)
394 silly packumentCache full:https://registry.npmjs.org/@grpc%2fproto-loader set size:undefined disposed:false
395 silly fetch manifest @firebase/webchannel-wrapper@1.0.1
396 silly packumentCache full:https://registry.npmjs.org/@firebase%2fwebchannel-wrapper cache-miss
397 http fetch GET 200 https://registry.npmjs.org/@grpc%2fgrpc-js 1241ms (cache miss)
398 silly packumentCache full:https://registry.npmjs.org/@grpc%2fgrpc-js set size:undefined disposed:false
399 silly fetch manifest @firebase/firestore-types@3.0.2
400 silly packumentCache full:https://registry.npmjs.org/@firebase%2ffirestore-types cache-miss
401 http fetch GET 200 https://registry.npmjs.org/@firebase%2fauth-interop-types 5465ms (cache miss)
402 silly packumentCache full:https://registry.npmjs.org/@firebase%2fauth-interop-types set size:undefined disposed:false
403 silly fetch manifest @firebase/messaging-interop-types@0.2.2
404 silly packumentCache full:https://registry.npmjs.org/@firebase%2fmessaging-interop-types cache-miss
405 http fetch GET 200 https://registry.npmjs.org/@firebase%2fcomponent 9441ms (cache miss)
406 silly packumentCache full:https://registry.npmjs.org/@firebase%2fcomponent set size:undefined disposed:false
407 silly fetch manifest @firebase/functions-types@0.6.2
408 silly packumentCache full:https://registry.npmjs.org/@firebase%2ffunctions-types cache-miss
409 http fetch GET 200 https://registry.npmjs.org/@firebase%2fauth-interop-types 7336ms (cache miss)
410 silly packumentCache full:https://registry.npmjs.org/@firebase%2fauth-interop-types set size:undefined disposed:false
411 silly fetch manifest @firebase/installations-types@0.5.2
412 silly packumentCache full:https://registry.npmjs.org/@firebase%2finstallations-types cache-miss
413 http fetch GET 200 https://registry.npmjs.org/@firebase%2fmessaging-interop-types 2699ms (cache miss)
414 silly packumentCache full:https://registry.npmjs.org/@firebase%2fmessaging-interop-types set size:undefined disposed:false
415 silly fetch manifest @firebase/performance-types@0.2.2
416 silly packumentCache full:https://registry.npmjs.org/@firebase%2fperformance-types cache-miss
417 http fetch GET 200 https://registry.npmjs.org/@firebase%2fauth-types 11611ms (cache miss)
418 silly packumentCache full:https://registry.npmjs.org/@firebase%2fauth-types set size:undefined disposed:false
419 silly fetch manifest @firebase/remote-config-types@0.3.2
420 silly packumentCache full:https://registry.npmjs.org/@firebase%2fremote-config-types cache-miss
421 http fetch GET 200 https://registry.npmjs.org/@firebase%2fdatabase-types 11135ms (cache miss)
422 silly packumentCache full:https://registry.npmjs.org/@firebase%2fdatabase-types set size:undefined disposed:false
423 silly fetch manifest @firebase/storage-types@0.8.2
424 silly packumentCache full:https://registry.npmjs.org/@firebase%2fstorage-types cache-miss
425 http fetch GET 200 https://registry.npmjs.org/@firebase%2fwebchannel-wrapper 9964ms (cache miss)
426 silly packumentCache full:https://registry.npmjs.org/@firebase%2fwebchannel-wrapper set size:undefined disposed:false
427 http fetch GET 200 https://registry.npmjs.org/@firebase%2finstallations-types 6805ms (cache miss)
428 silly packumentCache full:https://registry.npmjs.org/@firebase%2finstallations-types set size:undefined disposed:false
429 http fetch GET 200 https://registry.npmjs.org/@firebase%2fperformance-types 8139ms (cache miss)
430 silly packumentCache full:https://registry.npmjs.org/@firebase%2fperformance-types set size:undefined disposed:false
431 http fetch GET 200 https://registry.npmjs.org/@firebase%2ffirestore-types 13443ms (cache miss)
432 silly packumentCache full:https://registry.npmjs.org/@firebase%2ffirestore-types set size:undefined disposed:false
433 http fetch GET 200 https://registry.npmjs.org/@firebase%2fremote-config-types 7115ms (cache miss)
434 silly packumentCache full:https://registry.npmjs.org/@firebase%2fremote-config-types set size:undefined disposed:false
435 http fetch GET 200 https://registry.npmjs.org/@firebase%2ffunctions-types 11420ms (cache miss)
436 silly packumentCache full:https://registry.npmjs.org/@firebase%2ffunctions-types set size:undefined disposed:false
437 http fetch GET 200 https://registry.npmjs.org/@firebase%2fstorage-types 5569ms (cache miss)
438 silly packumentCache full:https://registry.npmjs.org/@firebase%2fstorage-types set size:undefined disposed:false
439 silly placeDep ROOT @firebase/component@0.6.9 OK for: @firebase/analytics@0.10.8 want: 0.6.9
440 silly placeDep ROOT @firebase/logger@0.4.2 OK for: @firebase/analytics@0.10.8 want: 0.4.2
441 silly placeDep ROOT tslib@2.8.1 OK for: @firebase/analytics@0.10.8 want: ^2.1.0
442 silly placeDep ROOT @firebase/analytics-types@0.8.2 OK for: @firebase/analytics-compat@0.2.14 want: 0.8.2
443 silly placeDep ROOT idb@7.1.1 OK for: @firebase/app@0.10.13 want: 7.1.1
444 silly placeDep ROOT @firebase/app-check-types@0.5.2 OK for: @firebase/app-check-compat@0.3.15 want: 0.5.2
445 silly fetch manifest @firebase/app@0.x
446 silly packumentCache full:https://registry.npmjs.org/@firebase%2fapp cache-miss
447 http fetch GET 200 https://registry.npmjs.org/@firebase%2fapp 70ms (cache hit)
448 silly packumentCache full:https://registry.npmjs.org/@firebase%2fapp set size:15063639 disposed:false
449 silly fetch manifest @firebase/app-types@0.x
450 silly packumentCache full:https://registry.npmjs.org/@firebase%2fapp-types cache-miss
451 http fetch GET 200 https://registry.npmjs.org/@firebase%2fapp-types 35ms (cache hit)
452 silly packumentCache full:https://registry.npmjs.org/@firebase%2fapp-types set size:8591173 disposed:false
453 silly placeDep node_modules/@firebase/auth-compat @firebase/auth@1.7.9 OK for: @firebase/auth-compat@0.5.14 want: 1.7.9
454 silly placeDep ROOT @firebase/auth-types@0.12.2 OK for: @firebase/auth-compat@0.5.14 want: 0.12.2
455 silly placeDep ROOT undici@6.19.7 OK for: @firebase/auth-compat@0.5.14 want: 6.19.7
456 silly placeDep ROOT @firebase/auth-interop-types@0.2.3 OK for: @firebase/data-connect@0.1.0 want: 0.2.3
457 silly placeDep ROOT @firebase/app-check-interop-types@0.3.2 OK for: @firebase/database@1.0.8 want: 0.3.2
458 silly placeDep ROOT faye-websocket@0.11.4 OK for: @firebase/database@1.0.8 want: 0.11.4
459 silly fetch manifest websocket-driver@>=0.5.1
460 silly packumentCache full:https://registry.npmjs.org/websocket-driver cache-miss
461 http fetch GET 200 https://registry.npmjs.org/websocket-driver 77ms (cache miss)
462 silly packumentCache full:https://registry.npmjs.org/websocket-driver set size:undefined disposed:false
463 silly placeDep ROOT @firebase/database-types@1.0.5 OK for: @firebase/database-compat@1.0.8 want: 1.0.5
464 silly placeDep ROOT @firebase/webchannel-wrapper@1.0.1 OK for: @firebase/firestore@4.7.3 want: 1.0.1
465 silly placeDep ROOT @grpc/grpc-js@1.9.16 OK for: @firebase/firestore@4.7.3 want: ~1.9.0
466 silly placeDep ROOT @grpc/proto-loader@0.7.15 OK for: @firebase/firestore@4.7.3 want: ^0.7.8
467 silly fetch manifest long@^5.0.0
468 silly packumentCache full:https://registry.npmjs.org/long cache-miss
469 silly fetch manifest yargs@^17.7.2
470 silly packumentCache full:https://registry.npmjs.org/yargs cache-miss
471 silly fetch manifest protobufjs@^7.2.5
472 silly packumentCache full:https://registry.npmjs.org/protobufjs cache-miss
473 silly fetch manifest lodash.camelcase@^4.3.0
474 silly packumentCache full:https://registry.npmjs.org/lodash.camelcase cache-miss
475 http fetch GET 200 https://registry.npmjs.org/lodash.camelcase 52ms (cache miss)
476 silly packumentCache full:https://registry.npmjs.org/lodash.camelcase set size:undefined disposed:false
477 http fetch GET 200 https://registry.npmjs.org/long 85ms (cache miss)
478 silly packumentCache full:https://registry.npmjs.org/long set size:undefined disposed:false
479 http fetch GET 200 https://registry.npmjs.org/protobufjs 177ms (cache miss)
480 silly packumentCache full:https://registry.npmjs.org/protobufjs set size:undefined disposed:false
481 http fetch GET 200 https://registry.npmjs.org/yargs 295ms (cache miss)
482 silly packumentCache full:https://registry.npmjs.org/yargs set size:undefined disposed:false
483 silly placeDep ROOT @firebase/firestore-types@3.0.2 OK for: @firebase/firestore-compat@0.3.38 want: 3.0.2
484 silly placeDep ROOT @firebase/messaging-interop-types@0.2.2 OK for: @firebase/functions@0.11.8 want: 0.2.2
485 silly placeDep ROOT @firebase/functions-types@0.6.2 OK for: @firebase/functions-compat@0.3.14 want: 0.6.2
486 silly placeDep ROOT @firebase/installations-types@0.5.2 OK for: @firebase/installations-compat@0.2.9 want: 0.5.2
487 silly placeDep ROOT @firebase/performance-types@0.2.2 OK for: @firebase/performance-compat@0.2.9 want: 0.2.2
488 silly placeDep ROOT @firebase/remote-config-types@0.3.2 OK for: @firebase/remote-config-compat@0.2.9 want: 0.3.2
489 silly placeDep ROOT @firebase/storage-types@0.8.2 OK for: @firebase/storage-compat@0.3.12 want: 0.8.2
490 silly placeDep ROOT lodash.camelcase@4.3.0 OK for: @grpc/proto-loader@0.7.15 want: ^4.3.0
491 silly placeDep ROOT long@5.3.2 OK for: @grpc/proto-loader@0.7.15 want: ^5.0.0
492 silly placeDep ROOT protobufjs@7.6.5 OK for: @grpc/proto-loader@0.7.15 want: ^7.2.5
493 silly placeDep ROOT yargs@17.7.3 OK for: @grpc/proto-loader@0.7.15 want: ^17.7.2
494 silly fetch manifest @protobufjs/path@^1.1.2
495 silly packumentCache full:https://registry.npmjs.org/@protobufjs%2fpath cache-miss
496 silly fetch manifest @protobufjs/pool@^1.1.0
497 silly packumentCache full:https://registry.npmjs.org/@protobufjs%2fpool cache-miss
498 silly fetch manifest @protobufjs/utf8@^1.1.1
499 silly packumentCache full:https://registry.npmjs.org/@protobufjs%2futf8 cache-miss
500 silly fetch manifest @protobufjs/fetch@^1.1.1
501 silly packumentCache full:https://registry.npmjs.org/@protobufjs%2ffetch cache-miss
502 silly fetch manifest @protobufjs/float@^1.0.2
503 silly packumentCache full:https://registry.npmjs.org/@protobufjs%2ffloat cache-miss
504 silly fetch manifest @protobufjs/base64@^1.1.2
505 silly packumentCache full:https://registry.npmjs.org/@protobufjs%2fbase64 cache-miss
506 silly fetch manifest @protobufjs/codegen@^2.0.5
507 silly packumentCache full:https://registry.npmjs.org/@protobufjs%2fcodegen cache-miss
508 http fetch GET 200 https://registry.npmjs.org/@protobufjs%2fpool 48ms (cache miss)
509 silly packumentCache full:https://registry.npmjs.org/@protobufjs%2fpool set size:undefined disposed:false
510 silly fetch manifest @protobufjs/aspromise@^1.1.2
511 silly packumentCache full:https://registry.npmjs.org/@protobufjs%2faspromise cache-miss
512 http fetch GET 200 https://registry.npmjs.org/@protobufjs%2fpath 49ms (cache miss)
513 silly packumentCache full:https://registry.npmjs.org/@protobufjs%2fpath set size:undefined disposed:false
514 silly fetch manifest @protobufjs/eventemitter@^1.1.1
515 silly packumentCache full:https://registry.npmjs.org/@protobufjs%2feventemitter cache-miss
516 http fetch GET 200 https://registry.npmjs.org/@protobufjs%2ffetch 48ms (cache miss)
517 silly packumentCache full:https://registry.npmjs.org/@protobufjs%2ffetch set size:undefined disposed:false
518 silly fetch manifest y18n@^5.0.5
519 silly packumentCache full:https://registry.npmjs.org/y18n cache-miss
520 http fetch GET 200 https://registry.npmjs.org/@protobufjs%2futf8 54ms (cache miss)
521 silly packumentCache full:https://registry.npmjs.org/@protobufjs%2futf8 set size:undefined disposed:false
522 silly fetch manifest cliui@^8.0.1
523 silly packumentCache full:https://registry.npmjs.org/cliui cache-miss
524 http fetch GET 200 https://registry.npmjs.org/@protobufjs%2ffloat 55ms (cache miss)
525 silly packumentCache full:https://registry.npmjs.org/@protobufjs%2ffloat set size:undefined disposed:false
526 silly fetch manifest escalade@^3.1.1
527 silly packumentCache full:https://registry.npmjs.org/escalade cache-miss
528 http fetch GET 200 https://registry.npmjs.org/@protobufjs%2fbase64 57ms (cache miss)
529 silly packumentCache full:https://registry.npmjs.org/@protobufjs%2fbase64 set size:undefined disposed:false
530 silly fetch manifest string-width@^4.2.3
531 silly packumentCache full:https://registry.npmjs.org/string-width cache-miss
532 http fetch GET 200 https://registry.npmjs.org/@protobufjs%2fcodegen 58ms (cache miss)
533 silly packumentCache full:https://registry.npmjs.org/@protobufjs%2fcodegen set size:undefined disposed:false
534 silly fetch manifest yargs-parser@^21.1.1
535 silly packumentCache full:https://registry.npmjs.org/yargs-parser cache-miss
536 http fetch GET 200 https://registry.npmjs.org/@protobufjs%2faspromise 37ms (cache miss)
537 silly packumentCache full:https://registry.npmjs.org/@protobufjs%2faspromise set size:undefined disposed:false
538 silly fetch manifest get-caller-file@^2.0.5
539 silly packumentCache full:https://registry.npmjs.org/get-caller-file cache-miss
540 http fetch GET 200 https://registry.npmjs.org/@protobufjs%2feventemitter 61ms (cache miss)
541 silly packumentCache full:https://registry.npmjs.org/@protobufjs%2feventemitter set size:undefined disposed:false
542 silly fetch manifest require-directory@^2.1.1
543 silly packumentCache full:https://registry.npmjs.org/require-directory cache-miss
544 http fetch GET 200 https://registry.npmjs.org/escalade 60ms (cache miss)
545 silly packumentCache full:https://registry.npmjs.org/escalade set size:undefined disposed:false
546 http fetch GET 200 https://registry.npmjs.org/string-width 63ms (cache miss)
547 silly packumentCache full:https://registry.npmjs.org/string-width set size:undefined disposed:false
548 http fetch GET 200 https://registry.npmjs.org/y18n 73ms (cache miss)
549 silly packumentCache full:https://registry.npmjs.org/y18n set size:undefined disposed:false
550 http fetch GET 200 https://registry.npmjs.org/get-caller-file 48ms (cache miss)
551 silly packumentCache full:https://registry.npmjs.org/get-caller-file set size:undefined disposed:false
552 http fetch GET 200 https://registry.npmjs.org/cliui 89ms (cache miss)
553 silly packumentCache full:https://registry.npmjs.org/cliui set size:undefined disposed:false
554 http fetch GET 200 https://registry.npmjs.org/require-directory 52ms (cache miss)
555 silly packumentCache full:https://registry.npmjs.org/require-directory set size:undefined disposed:false
556 http fetch GET 200 https://registry.npmjs.org/yargs-parser 205ms (cache miss)
557 silly packumentCache full:https://registry.npmjs.org/yargs-parser set size:undefined disposed:false
558 silly placeDep ROOT websocket-driver@0.7.5 OK for: faye-websocket@0.11.4 want: >=0.5.1
559 silly fetch manifest http-parser-js@>=0.5.1
560 silly packumentCache full:https://registry.npmjs.org/http-parser-js cache-miss
561 silly fetch manifest safe-buffer@>=5.1.0
562 silly packumentCache full:https://registry.npmjs.org/safe-buffer cache-miss
563 silly fetch manifest websocket-extensions@>=0.1.1
564 silly packumentCache full:https://registry.npmjs.org/websocket-extensions cache-miss
565 http fetch GET 200 https://registry.npmjs.org/websocket-extensions 51ms (cache miss)
566 silly packumentCache full:https://registry.npmjs.org/websocket-extensions set size:undefined disposed:false
567 http fetch GET 200 https://registry.npmjs.org/safe-buffer 53ms (cache miss)
568 silly packumentCache full:https://registry.npmjs.org/safe-buffer set size:undefined disposed:false
569 http fetch GET 200 https://registry.npmjs.org/http-parser-js 61ms (cache miss)
570 silly packumentCache full:https://registry.npmjs.org/http-parser-js set size:undefined disposed:false
571 silly placeDep ROOT @next/env@14.2.35 OK for: next@14.2.35 want: 14.2.35
572 silly placeDep ROOT @next/swc-darwin-arm64@14.2.33 OK for: next@14.2.35 want: 14.2.33
573 silly placeDep ROOT @next/swc-darwin-x64@14.2.33 OK for: next@14.2.35 want: 14.2.33
574 silly placeDep ROOT @next/swc-linux-arm64-gnu@14.2.33 OK for: next@14.2.35 want: 14.2.33
575 silly placeDep ROOT @next/swc-linux-arm64-musl@14.2.33 OK for: next@14.2.35 want: 14.2.33
576 silly placeDep ROOT @next/swc-linux-x64-gnu@14.2.33 OK for: next@14.2.35 want: 14.2.33
577 silly placeDep ROOT @next/swc-linux-x64-musl@14.2.33 OK for: next@14.2.35 want: 14.2.33
578 silly placeDep ROOT @next/swc-win32-arm64-msvc@14.2.33 OK for: next@14.2.35 want: 14.2.33
579 silly placeDep ROOT @next/swc-win32-ia32-msvc@14.2.33 OK for: next@14.2.35 want: 14.2.33
580 silly placeDep ROOT @next/swc-win32-x64-msvc@14.2.33 OK for: next@14.2.35 want: 14.2.33
581 silly placeDep ROOT @swc/helpers@0.5.5 OK for: next@14.2.35 want: 0.5.5
582 silly placeDep ROOT busboy@1.6.0 OK for: next@14.2.35 want: 1.6.0
583 silly placeDep ROOT caniuse-lite@1.0.30001806 OK for: next@14.2.35 want: ^1.0.30001579
584 silly placeDep ROOT graceful-fs@4.2.11 OK for: next@14.2.35 want: ^4.2.11
585 silly placeDep ROOT postcss@8.4.31 OK for: next@14.2.35 want: 8.4.31
586 silly placeDep ROOT styled-jsx@5.1.1 OK for: next@14.2.35 want: 5.1.1
587 silly fetch manifest @swc/counter@^0.1.3
588 silly packumentCache full:https://registry.npmjs.org/@swc%2fcounter cache-miss
589 silly fetch manifest streamsearch@^1.1.0
590 silly packumentCache full:https://registry.npmjs.org/streamsearch cache-miss
591 silly fetch manifest nanoid@^3.3.6
592 silly packumentCache full:https://registry.npmjs.org/nanoid cache-miss
593 silly fetch manifest picocolors@^1.0.0
594 silly packumentCache full:https://registry.npmjs.org/picocolors cache-miss
595 silly fetch manifest source-map-js@^1.0.2
596 silly packumentCache full:https://registry.npmjs.org/source-map-js cache-miss
597 silly fetch manifest client-only@0.0.1
598 silly packumentCache full:https://registry.npmjs.org/client-only cache-miss
599 http fetch GET 200 https://registry.npmjs.org/client-only 35ms (cache miss)
600 silly packumentCache full:https://registry.npmjs.org/client-only set size:undefined disposed:false
601 http fetch GET 200 https://registry.npmjs.org/@swc%2fcounter 53ms (cache miss)
602 silly packumentCache full:https://registry.npmjs.org/@swc%2fcounter set size:undefined disposed:false
603 http fetch GET 200 https://registry.npmjs.org/picocolors 69ms (cache miss)
604 silly packumentCache full:https://registry.npmjs.org/picocolors set size:undefined disposed:false
605 http fetch GET 200 https://registry.npmjs.org/streamsearch 71ms (cache miss)
606 silly packumentCache full:https://registry.npmjs.org/streamsearch set size:undefined disposed:false
607 http fetch GET 200 https://registry.npmjs.org/source-map-js 90ms (cache miss)
608 silly packumentCache full:https://registry.npmjs.org/source-map-js set size:undefined disposed:false
609 http fetch GET 200 https://registry.npmjs.org/nanoid 287ms (cache miss)
610 silly packumentCache full:https://registry.npmjs.org/nanoid set size:undefined disposed:false
611 silly placeDep ROOT @swc/counter@0.1.3 OK for: @swc/helpers@0.5.5 want: ^0.1.3
612 silly placeDep ROOT streamsearch@1.1.0 OK for: busboy@1.6.0 want: ^1.1.0
613 silly placeDep ROOT nanoid@3.3.17 OK for: postcss@8.4.31 want: ^3.3.6
614 silly placeDep ROOT picocolors@1.1.1 OK for: postcss@8.4.31 want: ^1.0.0
615 silly placeDep ROOT source-map-js@1.2.1 OK for: postcss@8.4.31 want: ^1.0.2
616 silly placeDep ROOT @protobufjs/aspromise@1.1.2 OK for: protobufjs@7.6.5 want: ^1.1.2
617 silly placeDep ROOT @protobufjs/base64@1.1.2 OK for: protobufjs@7.6.5 want: ^1.1.2
618 silly placeDep ROOT @protobufjs/codegen@2.0.5 OK for: protobufjs@7.6.5 want: ^2.0.5
619 silly placeDep ROOT @protobufjs/eventemitter@1.1.1 OK for: protobufjs@7.6.5 want: ^1.1.1
620 silly placeDep ROOT @protobufjs/fetch@1.1.1 OK for: protobufjs@7.6.5 want: ^1.1.1
621 silly placeDep ROOT @protobufjs/float@1.0.2 OK for: protobufjs@7.6.5 want: ^1.0.2
622 silly placeDep ROOT @protobufjs/path@1.1.2 OK for: protobufjs@7.6.5 want: ^1.1.2
623 silly placeDep ROOT @protobufjs/pool@1.1.0 OK for: protobufjs@7.6.5 want: ^1.1.0
624 silly placeDep ROOT @protobufjs/utf8@1.1.2 OK for: protobufjs@7.6.5 want: ^1.1.1
625 silly placeDep ROOT loose-envify@1.4.0 OK for: react@18.3.1 want: ^1.1.0
626 silly fetch manifest js-tokens@^3.0.0 || ^4.0.0
627 silly packumentCache full:https://registry.npmjs.org/js-tokens cache-miss
628 http fetch GET 200 https://registry.npmjs.org/js-tokens 39ms (cache miss)
629 silly packumentCache full:https://registry.npmjs.org/js-tokens set size:undefined disposed:false
630 silly placeDep ROOT js-tokens@4.0.0 OK for: loose-envify@1.4.0 want: ^3.0.0 || ^4.0.0
631 silly placeDep ROOT scheduler@0.23.2 OK for: react-dom@18.3.1 want: ^0.23.2
632 silly placeDep ROOT client-only@0.0.1 OK for: styled-jsx@5.1.1 want: 0.0.1
633 silly placeDep ROOT http-parser-js@0.5.10 OK for: websocket-driver@0.7.5 want: >=0.5.1
634 silly placeDep ROOT safe-buffer@5.2.1 OK for: websocket-driver@0.7.5 want: >=5.1.0
635 silly placeDep ROOT websocket-extensions@0.1.4 OK for: websocket-driver@0.7.5 want: >=0.1.1
636 silly placeDep ROOT cliui@8.0.1 OK for: yargs@17.7.3 want: ^8.0.1
637 silly placeDep ROOT escalade@3.2.0 OK for: yargs@17.7.3 want: ^3.1.1
638 silly placeDep ROOT get-caller-file@2.0.5 OK for: yargs@17.7.3 want: ^2.0.5
639 silly placeDep ROOT require-directory@2.1.1 OK for: yargs@17.7.3 want: ^2.1.1
640 silly placeDep ROOT string-width@4.2.3 OK for: yargs@17.7.3 want: ^4.2.3
641 silly placeDep ROOT y18n@5.0.8 OK for: yargs@17.7.3 want: ^5.0.5
642 silly placeDep ROOT yargs-parser@21.1.1 OK for: yargs@17.7.3 want: ^21.1.1
643 silly fetch manifest wrap-ansi@^7.0.0
644 silly packumentCache full:https://registry.npmjs.org/wrap-ansi cache-miss
645 silly fetch manifest strip-ansi@^6.0.1
646 silly packumentCache full:https://registry.npmjs.org/strip-ansi cache-miss
647 silly fetch manifest string-width@^4.2.0
648 silly packumentCache full:https://registry.npmjs.org/string-width cache-miss
649 silly fetch manifest strip-ansi@^6.0.1
650 silly packumentCache full:https://registry.npmjs.org/strip-ansi cache-miss
651 silly fetch manifest emoji-regex@^8.0.0
652 silly packumentCache full:https://registry.npmjs.org/emoji-regex cache-miss
653 silly fetch manifest is-fullwidth-code-point@^3.0.0
654 silly packumentCache full:https://registry.npmjs.org/is-fullwidth-code-point cache-miss
655 http fetch GET 200 https://registry.npmjs.org/string-width 5ms (cache hit)
656 silly packumentCache full:https://registry.npmjs.org/string-width set size:72458 disposed:false
657 http fetch GET 200 https://registry.npmjs.org/strip-ansi 48ms (cache miss)
658 silly packumentCache full:https://registry.npmjs.org/strip-ansi set size:undefined disposed:false
659 http fetch GET 200 https://registry.npmjs.org/is-fullwidth-code-point 50ms (cache miss)
660 silly packumentCache full:https://registry.npmjs.org/is-fullwidth-code-point set size:undefined disposed:false
661 http fetch GET 200 https://registry.npmjs.org/wrap-ansi 57ms (cache miss)
662 silly packumentCache full:https://registry.npmjs.org/wrap-ansi set size:undefined disposed:false
663 http fetch GET 200 https://registry.npmjs.org/strip-ansi 71ms (cache miss)
664 silly packumentCache full:https://registry.npmjs.org/strip-ansi set size:undefined disposed:false
665 http fetch GET 200 https://registry.npmjs.org/emoji-regex 92ms (cache miss)
666 silly packumentCache full:https://registry.npmjs.org/emoji-regex set size:undefined disposed:false
667 silly placeDep ROOT strip-ansi@6.0.1 OK for: cliui@8.0.1 want: ^6.0.1
668 silly placeDep ROOT wrap-ansi@7.0.0 OK for: cliui@8.0.1 want: ^7.0.0
669 silly fetch manifest ansi-regex@^5.0.1
670 silly packumentCache full:https://registry.npmjs.org/ansi-regex cache-miss
671 silly fetch manifest ansi-styles@^4.0.0
672 silly packumentCache full:https://registry.npmjs.org/ansi-styles cache-miss
673 http fetch GET 200 https://registry.npmjs.org/ansi-regex 90ms (cache miss)
674 silly packumentCache full:https://registry.npmjs.org/ansi-regex set size:undefined disposed:false
675 http fetch GET 200 https://registry.npmjs.org/ansi-styles 92ms (cache miss)
676 silly packumentCache full:https://registry.npmjs.org/ansi-styles set size:undefined disposed:false
677 silly placeDep ROOT emoji-regex@8.0.0 OK for: string-width@4.2.3 want: ^8.0.0
678 silly placeDep ROOT is-fullwidth-code-point@3.0.0 OK for: string-width@4.2.3 want: ^3.0.0
679 silly placeDep ROOT ansi-regex@5.0.1 OK for: strip-ansi@6.0.1 want: ^5.0.1
680 silly placeDep ROOT ansi-styles@4.3.0 OK for: wrap-ansi@7.0.0 want: ^4.0.0
681 silly fetch manifest color-convert@^2.0.1
682 silly packumentCache full:https://registry.npmjs.org/color-convert cache-miss
683 http fetch GET 200 https://registry.npmjs.org/color-convert 56ms (cache miss)
684 silly packumentCache full:https://registry.npmjs.org/color-convert set size:undefined disposed:false
685 silly placeDep ROOT color-convert@2.0.1 OK for: ansi-styles@4.3.0 want: ^2.0.1
686 silly fetch manifest color-name@~1.1.4
687 silly packumentCache full:https://registry.npmjs.org/color-name cache-miss
688 http fetch GET 200 https://registry.npmjs.org/color-name 41ms (cache miss)
689 silly packumentCache full:https://registry.npmjs.org/color-name set size:undefined disposed:false
690 silly placeDep ROOT color-name@1.1.4 OK for: color-convert@2.0.1 want: ~1.1.4
691 silly reify moves {}
692 silly audit bulk request {
692 silly audit   '@types/node': [ '20.19.43' ],
692 silly audit   '@types/react': [ '18.3.31' ],
692 silly audit   '@types/react-dom': [ '18.3.7' ],
692 silly audit   firebase: [ '10.14.1' ],
692 silly audit   next: [ '14.2.35' ],
692 silly audit   react: [ '18.3.1' ],
692 silly audit   'react-dom': [ '18.3.1' ],
692 silly audit   typescript: [ '5.5.4' ],
692 silly audit   'undici-types': [ '6.21.0' ],
692 silly audit   '@types/prop-types': [ '15.7.15' ],
692 silly audit   csstype: [ '3.2.3' ],
692 silly audit   '@firebase/analytics': [ '0.10.8' ],
692 silly audit   '@firebase/app': [ '0.10.13' ],
692 silly audit   '@firebase/analytics-compat': [ '0.2.14' ],
692 silly audit   '@firebase/app-compat': [ '0.2.43' ],
692 silly audit   '@firebase/app-check': [ '0.8.8' ],
692 silly audit   '@firebase/app-check-compat': [ '0.3.15' ],
692 silly audit   '@firebase/app-types': [ '0.9.2' ],
692 silly audit   '@firebase/auth': [ '1.7.9' ],
692 silly audit   '@firebase/auth-compat': [ '0.5.14' ],
692 silly audit   '@firebase/data-connect': [ '0.1.0' ],
692 silly audit   '@firebase/database': [ '1.0.8' ],
692 silly audit   '@firebase/database-compat': [ '1.0.8' ],
692 silly audit   '@firebase/firestore': [ '4.7.3' ],
692 silly audit   '@firebase/firestore-compat': [ '0.3.38' ],
692 silly audit   '@firebase/functions': [ '0.11.8' ],
692 silly audit   '@firebase/functions-compat': [ '0.3.14' ],
692 silly audit   '@firebase/installations': [ '0.6.9' ],
692 silly audit   '@firebase/installations-compat': [ '0.2.9' ],
692 silly audit   '@firebase/messaging': [ '0.12.12' ],
692 silly audit   '@firebase/messaging-compat': [ '0.2.12' ],
692 silly audit   '@firebase/performance': [ '0.6.9' ],
692 silly audit   '@firebase/performance-compat': [ '0.2.9' ],
692 silly audit   '@firebase/remote-config': [ '0.4.9' ],
692 silly audit   '@firebase/remote-config-compat': [ '0.2.9' ],
692 silly audit   '@firebase/storage': [ '0.13.2' ],
692 silly audit   '@firebase/storage-compat': [ '0.3.12' ],
692 silly audit   '@firebase/util': [ '1.10.0' ],
692 silly audit   '@firebase/vertexai-preview': [ '0.0.4' ],
692 silly audit   '@firebase/component': [ '0.6.9' ],
692 silly audit   '@firebase/logger': [ '0.4.2' ],
692 silly audit   tslib: [ '2.8.1' ],
692 silly audit   '@firebase/analytics-types': [ '0.8.2' ],
692 silly audit   idb: [ '7.1.1' ],
692 silly audit   '@firebase/app-check-types': [ '0.5.2' ],
692 silly audit   '@firebase/auth-types': [ '0.12.2' ],
692 silly audit   undici: [ '6.19.7' ],
692 silly audit   '@firebase/auth-interop-types': [ '0.2.3' ],
692 silly audit   '@firebase/app-check-interop-types': [ '0.3.2' ],
692 silly audit   'faye-websocket': [ '0.11.4' ],
692 silly audit   '@firebase/database-types': [ '1.0.5' ],
692 silly audit   '@firebase/webchannel-wrapper': [ '1.0.1' ],
692 silly audit   '@grpc/grpc-js': [ '1.9.16' ],
692 silly audit   '@grpc/proto-loader': [ '0.7.15' ],
692 silly audit   '@firebase/firestore-types': [ '3.0.2' ],
692 silly audit   '@firebase/messaging-interop-types': [ '0.2.2' ],
692 silly audit   '@firebase/functions-types': [ '0.6.2' ],
692 silly audit   '@firebase/installations-types': [ '0.5.2' ],
692 silly audit   '@firebase/performance-types': [ '0.2.2' ],
692 silly audit   '@firebase/remote-config-types': [ '0.3.2' ],
692 silly audit   '@firebase/storage-types': [ '0.8.2' ],
692 silly audit   'lodash.camelcase': [ '4.3.0' ],
692 silly audit   long: [ '5.3.2' ],
692 silly audit   protobufjs: [ '7.6.5' ],
692 silly audit   yargs: [ '17.7.3' ],
692 silly audit   'websocket-driver': [ '0.7.5' ],
692 silly audit   '@next/env': [ '14.2.35' ],
692 silly audit   '@next/swc-darwin-arm64': [ '14.2.33' ],
692 silly audit   '@next/swc-darwin-x64': [ '14.2.33' ],
692 silly audit   '@next/swc-linux-arm64-gnu': [ '14.2.33' ],
692 silly audit   '@next/swc-linux-arm64-musl': [ '14.2.33' ],
692 silly audit   '@next/swc-linux-x64-gnu': [ '14.2.33' ],
692 silly audit   '@next/swc-linux-x64-musl': [ '14.2.33' ],
692 silly audit   '@next/swc-win32-arm64-msvc': [ '14.2.33' ],
692 silly audit   '@next/swc-win32-ia32-msvc': [ '14.2.33' ],
692 silly audit   '@next/swc-win32-x64-msvc': [ '14.2.33' ],
692 silly audit   '@swc/helpers': [ '0.5.5' ],
692 silly audit   busboy: [ '1.6.0' ],
692 silly audit   'caniuse-lite': [ '1.0.30001806' ],
692 silly audit   'graceful-fs': [ '4.2.11' ],
692 silly audit   postcss: [ '8.4.31' ],
692 silly audit   'styled-jsx': [ '5.1.1' ],
692 silly audit   '@swc/counter': [ '0.1.3' ],
692 silly audit   streamsearch: [ '1.1.0' ],
692 silly audit   nanoid: [ '3.3.17' ],
692 silly audit   picocolors: [ '1.1.1' ],
692 silly audit   'source-map-js': [ '1.2.1' ],
692 silly audit   '@protobufjs/aspromise': [ '1.1.2' ],
692 silly audit   '@protobufjs/base64': [ '1.1.2' ],
692 silly audit   '@protobufjs/codegen': [ '2.0.5' ],
692 silly audit   '@protobufjs/eventemitter': [ '1.1.1' ],
692 silly audit   '@protobufjs/fetch': [ '1.1.1' ],
692 silly audit   '@protobufjs/float': [ '1.0.2' ],
692 silly audit   '@protobufjs/path': [ '1.1.2' ],
692 silly audit   '@protobufjs/pool': [ '1.1.0' ],
692 silly audit   '@protobufjs/utf8': [ '1.1.2' ],
692 silly audit   'loose-envify': [ '1.4.0' ],
692 silly audit   'js-tokens': [ '4.0.0' ],
692 silly audit   scheduler: [ '0.23.2' ],
692 silly audit   'client-only': [ '0.0.1' ],
692 silly audit   'http-parser-js': [ '0.5.10' ],
692 silly audit   'safe-buffer': [ '5.2.1' ],
692 silly audit   'websocket-extensions': [ '0.1.4' ],
692 silly audit   cliui: [ '8.0.1' ],
692 silly audit   escalade: [ '3.2.0' ],
692 silly audit   'get-caller-file': [ '2.0.5' ],
692 silly audit   'require-directory': [ '2.1.1' ],
692 silly audit   'string-width': [ '4.2.3' ],
692 silly audit   y18n: [ '5.0.8' ],
692 silly audit   'yargs-parser': [ '21.1.1' ],
692 silly audit   'strip-ansi': [ '6.0.1' ],
692 silly audit   'wrap-ansi': [ '7.0.0' ],
692 silly audit   'emoji-regex': [ '8.0.0' ],
692 silly audit   'is-fullwidth-code-point': [ '3.0.0' ],
692 silly audit   'ansi-regex': [ '5.0.1' ],
692 silly audit   'ansi-styles': [ '4.3.0' ],
692 silly audit   'color-convert': [ '2.0.1' ],
692 silly audit   'color-name': [ '1.1.4' ]
692 silly audit }
693 verbose reify failed optional dependency /Users/worklaptop/Bazaaric/node_modules/@next/swc-win32-x64-msvc
694 silly reify mark deleted [ '/Users/worklaptop/Bazaaric/node_modules/@next/swc-win32-x64-msvc' ]
695 verbose reify failed optional dependency /Users/worklaptop/Bazaaric/node_modules/@next/swc-win32-ia32-msvc
696 silly reify mark deleted [ '/Users/worklaptop/Bazaaric/node_modules/@next/swc-win32-ia32-msvc' ]
697 verbose reify failed optional dependency /Users/worklaptop/Bazaaric/node_modules/@next/swc-win32-arm64-msvc
698 silly reify mark deleted [
698 silly reify   '/Users/worklaptop/Bazaaric/node_modules/@next/swc-win32-arm64-msvc'
698 silly reify ]
699 verbose reify failed optional dependency /Users/worklaptop/Bazaaric/node_modules/@next/swc-linux-x64-musl
700 silly reify mark deleted [ '/Users/worklaptop/Bazaaric/node_modules/@next/swc-linux-x64-musl' ]
701 verbose reify failed optional dependency /Users/worklaptop/Bazaaric/node_modules/@next/swc-linux-x64-gnu
702 silly reify mark deleted [ '/Users/worklaptop/Bazaaric/node_modules/@next/swc-linux-x64-gnu' ]
703 verbose reify failed optional dependency /Users/worklaptop/Bazaaric/node_modules/@next/swc-linux-arm64-musl
704 silly reify mark deleted [
704 silly reify   '/Users/worklaptop/Bazaaric/node_modules/@next/swc-linux-arm64-musl'
704 silly reify ]
705 verbose reify failed optional dependency /Users/worklaptop/Bazaaric/node_modules/@next/swc-linux-arm64-gnu
706 silly reify mark deleted [ '/Users/worklaptop/Bazaaric/node_modules/@next/swc-linux-arm64-gnu' ]
707 verbose reify failed optional dependency /Users/worklaptop/Bazaaric/node_modules/@next/swc-darwin-x64
708 silly reify mark deleted [ '/Users/worklaptop/Bazaaric/node_modules/@next/swc-darwin-x64' ]
709 silly tarball no local data for color-name@https://registry.npmjs.org/color-name/-/color-name-1.1.4.tgz. Extracting by manifest.
710 silly tarball no local data for color-convert@https://registry.npmjs.org/color-convert/-/color-convert-2.0.1.tgz. Extracting by manifest.
711 silly tarball no local data for ansi-styles@https://registry.npmjs.org/ansi-styles/-/ansi-styles-4.3.0.tgz. Extracting by manifest.
712 silly tarball no local data for ansi-regex@https://registry.npmjs.org/ansi-regex/-/ansi-regex-5.0.1.tgz. Extracting by manifest.
713 silly tarball no local data for is-fullwidth-code-point@https://registry.npmjs.org/is-fullwidth-code-point/-/is-fullwidth-code-point-3.0.0.tgz. Extracting by manifest.
714 silly tarball no local data for emoji-regex@https://registry.npmjs.org/emoji-regex/-/emoji-regex-8.0.0.tgz. Extracting by manifest.
715 silly tarball no local data for strip-ansi@https://registry.npmjs.org/strip-ansi/-/strip-ansi-6.0.1.tgz. Extracting by manifest.
716 silly tarball no local data for yargs-parser@https://registry.npmjs.org/yargs-parser/-/yargs-parser-21.1.1.tgz. Extracting by manifest.
717 silly tarball no local data for y18n@https://registry.npmjs.org/y18n/-/y18n-5.0.8.tgz. Extracting by manifest.
718 silly tarball no local data for string-width@https://registry.npmjs.org/string-width/-/string-width-4.2.3.tgz. Extracting by manifest.
719 silly tarball no local data for require-directory@https://registry.npmjs.org/require-directory/-/require-directory-2.1.1.tgz. Extracting by manifest.
720 silly tarball no local data for websocket-extensions@https://registry.npmjs.org/websocket-extensions/-/websocket-extensions-0.1.4.tgz. Extracting by manifest.
721 silly tarball no local data for get-caller-file@https://registry.npmjs.org/get-caller-file/-/get-caller-file-2.0.5.tgz. Extracting by manifest.
722 silly tarball no local data for cliui@https://registry.npmjs.org/cliui/-/cliui-8.0.1.tgz. Extracting by manifest.
723 silly tarball no local data for escalade@https://registry.npmjs.org/escalade/-/escalade-3.2.0.tgz. Extracting by manifest.
724 silly tarball no local data for safe-buffer@https://registry.npmjs.org/safe-buffer/-/safe-buffer-5.2.1.tgz. Extracting by manifest.
725 silly tarball no local data for http-parser-js@https://registry.npmjs.org/http-parser-js/-/http-parser-js-0.5.10.tgz. Extracting by manifest.
726 silly tarball no local data for client-only@https://registry.npmjs.org/client-only/-/client-only-0.0.1.tgz. Extracting by manifest.
727 silly tarball no local data for scheduler@https://registry.npmjs.org/scheduler/-/scheduler-0.23.2.tgz. Extracting by manifest.
728 silly tarball no local data for js-tokens@https://registry.npmjs.org/js-tokens/-/js-tokens-4.0.0.tgz. Extracting by manifest.
729 silly tarball no local data for loose-envify@https://registry.npmjs.org/loose-envify/-/loose-envify-1.4.0.tgz. Extracting by manifest.
730 silly tarball no local data for @protobufjs/utf8@https://registry.npmjs.org/@protobufjs/utf8/-/utf8-1.1.2.tgz. Extracting by manifest.
731 silly tarball no local data for @protobufjs/pool@https://registry.npmjs.org/@protobufjs/pool/-/pool-1.1.0.tgz. Extracting by manifest.
732 silly tarball no local data for @protobufjs/path@https://registry.npmjs.org/@protobufjs/path/-/path-1.1.2.tgz. Extracting by manifest.
733 silly tarball no local data for @protobufjs/fetch@https://registry.npmjs.org/@protobufjs/fetch/-/fetch-1.1.1.tgz. Extracting by manifest.
734 silly tarball no local data for @protobufjs/eventemitter@https://registry.npmjs.org/@protobufjs/eventemitter/-/eventemitter-1.1.1.tgz. Extracting by manifest.
735 silly tarball no local data for @protobufjs/codegen@https://registry.npmjs.org/@protobufjs/codegen/-/codegen-2.0.5.tgz. Extracting by manifest.
736 silly tarball no local data for @protobufjs/float@https://registry.npmjs.org/@protobufjs/float/-/float-1.0.2.tgz. Extracting by manifest.
737 silly tarball no local data for @protobufjs/base64@https://registry.npmjs.org/@protobufjs/base64/-/base64-1.1.2.tgz. Extracting by manifest.
738 silly tarball no local data for @protobufjs/aspromise@https://registry.npmjs.org/@protobufjs/aspromise/-/aspromise-1.1.2.tgz. Extracting by manifest.
739 silly tarball no local data for source-map-js@https://registry.npmjs.org/source-map-js/-/source-map-js-1.2.1.tgz. Extracting by manifest.
740 silly tarball no local data for picocolors@https://registry.npmjs.org/picocolors/-/picocolors-1.1.1.tgz. Extracting by manifest.
741 silly tarball no local data for nanoid@https://registry.npmjs.org/nanoid/-/nanoid-3.3.17.tgz. Extracting by manifest.
742 silly tarball no local data for streamsearch@https://registry.npmjs.org/streamsearch/-/streamsearch-1.1.0.tgz. Extracting by manifest.
743 silly tarball no local data for @swc/counter@https://registry.npmjs.org/@swc/counter/-/counter-0.1.3.tgz. Extracting by manifest.
744 silly tarball no local data for styled-jsx@https://registry.npmjs.org/styled-jsx/-/styled-jsx-5.1.1.tgz. Extracting by manifest.
745 silly tarball no local data for postcss@https://registry.npmjs.org/postcss/-/postcss-8.4.31.tgz. Extracting by manifest.
746 silly tarball no local data for graceful-fs@https://registry.npmjs.org/graceful-fs/-/graceful-fs-4.2.11.tgz. Extracting by manifest.
747 silly tarball no local data for caniuse-lite@https://registry.npmjs.org/caniuse-lite/-/caniuse-lite-1.0.30001806.tgz. Extracting by manifest.
748 silly tarball no local data for busboy@https://registry.npmjs.org/busboy/-/busboy-1.6.0.tgz. Extracting by manifest.
749 silly tarball no local data for @swc/helpers@https://registry.npmjs.org/@swc/helpers/-/helpers-0.5.5.tgz. Extracting by manifest.
750 silly tarball no local data for @next/env@https://registry.npmjs.org/@next/env/-/env-14.2.35.tgz. Extracting by manifest.
751 silly tarball no local data for @next/swc-darwin-arm64@https://registry.npmjs.org/@next/swc-darwin-arm64/-/swc-darwin-arm64-14.2.33.tgz. Extracting by manifest.
752 silly tarball no local data for websocket-driver@https://registry.npmjs.org/websocket-driver/-/websocket-driver-0.7.5.tgz. Extracting by manifest.
753 silly tarball no local data for yargs@https://registry.npmjs.org/yargs/-/yargs-17.7.3.tgz. Extracting by manifest.
754 silly tarball no local data for protobufjs@https://registry.npmjs.org/protobufjs/-/protobufjs-7.6.5.tgz. Extracting by manifest.
755 silly tarball no local data for long@https://registry.npmjs.org/long/-/long-5.3.2.tgz. Extracting by manifest.
756 silly tarball no local data for @firebase/storage-types@https://registry.npmjs.org/@firebase/storage-types/-/storage-types-0.8.2.tgz. Extracting by manifest.
757 silly tarball no local data for wrap-ansi@https://registry.npmjs.org/wrap-ansi/-/wrap-ansi-7.0.0.tgz. Extracting by manifest.
758 silly tarball no local data for @firebase/performance-types@https://registry.npmjs.org/@firebase/performance-types/-/performance-types-0.2.2.tgz. Extracting by manifest.
759 silly tarball no local data for lodash.camelcase@https://registry.npmjs.org/lodash.camelcase/-/lodash.camelcase-4.3.0.tgz. Extracting by manifest.
760 silly tarball no local data for @firebase/installations-types@https://registry.npmjs.org/@firebase/installations-types/-/installations-types-0.5.2.tgz. Extracting by manifest.
761 silly tarball no local data for @firebase/remote-config-types@https://registry.npmjs.org/@firebase/remote-config-types/-/remote-config-types-0.3.2.tgz. Extracting by manifest.
762 silly tarball no local data for @firebase/functions-types@https://registry.npmjs.org/@firebase/functions-types/-/functions-types-0.6.2.tgz. Extracting by manifest.
763 silly tarball no local data for @firebase/messaging-interop-types@https://registry.npmjs.org/@firebase/messaging-interop-types/-/messaging-interop-types-0.2.2.tgz. Extracting by manifest.
764 silly tarball no local data for @grpc/proto-loader@https://registry.npmjs.org/@grpc/proto-loader/-/proto-loader-0.7.15.tgz. Extracting by manifest.
765 silly tarball no local data for @grpc/grpc-js@https://registry.npmjs.org/@grpc/grpc-js/-/grpc-js-1.9.16.tgz. Extracting by manifest.
766 silly tarball no local data for @firebase/webchannel-wrapper@https://registry.npmjs.org/@firebase/webchannel-wrapper/-/webchannel-wrapper-1.0.1.tgz. Extracting by manifest.
767 silly tarball no local data for faye-websocket@https://registry.npmjs.org/faye-websocket/-/faye-websocket-0.11.4.tgz. Extracting by manifest.
768 silly tarball no local data for @firebase/database-types@https://registry.npmjs.org/@firebase/database-types/-/database-types-1.0.5.tgz. Extracting by manifest.
769 silly tarball no local data for @firebase/firestore-types@https://registry.npmjs.org/@firebase/firestore-types/-/firestore-types-3.0.2.tgz. Extracting by manifest.
770 silly tarball no local data for @firebase/app-check-interop-types@https://registry.npmjs.org/@firebase/app-check-interop-types/-/app-check-interop-types-0.3.2.tgz. Extracting by manifest.
771 silly tarball no local data for undici@https://registry.npmjs.org/undici/-/undici-6.19.7.tgz. Extracting by manifest.
772 silly tarball no local data for @firebase/auth-types@https://registry.npmjs.org/@firebase/auth-types/-/auth-types-0.12.2.tgz. Extracting by manifest.
773 silly tarball no local data for @firebase/analytics-types@https://registry.npmjs.org/@firebase/analytics-types/-/analytics-types-0.8.2.tgz. Extracting by manifest.
774 silly tarball no local data for tslib@https://registry.npmjs.org/tslib/-/tslib-2.8.1.tgz. Extracting by manifest.
775 silly tarball no local data for @firebase/auth-interop-types@https://registry.npmjs.org/@firebase/auth-interop-types/-/auth-interop-types-0.2.3.tgz. Extracting by manifest.
776 silly tarball no local data for @firebase/app-check-types@https://registry.npmjs.org/@firebase/app-check-types/-/app-check-types-0.5.2.tgz. Extracting by manifest.
777 silly tarball no local data for @firebase/logger@https://registry.npmjs.org/@firebase/logger/-/logger-0.4.2.tgz. Extracting by manifest.
778 silly tarball no local data for @firebase/component@https://registry.npmjs.org/@firebase/component/-/component-0.6.9.tgz. Extracting by manifest.
779 silly tarball no local data for @firebase/vertexai-preview@https://registry.npmjs.org/@firebase/vertexai-preview/-/vertexai-preview-0.0.4.tgz. Extracting by manifest.
780 silly tarball no local data for @firebase/util@https://registry.npmjs.org/@firebase/util/-/util-1.10.0.tgz. Extracting by manifest.
781 silly tarball no local data for @firebase/storage-compat@https://registry.npmjs.org/@firebase/storage-compat/-/storage-compat-0.3.12.tgz. Extracting by manifest.
782 silly tarball no local data for @firebase/storage@https://registry.npmjs.org/@firebase/storage/-/storage-0.13.2.tgz. Extracting by manifest.
783 silly tarball no local data for @firebase/remote-config-compat@https://registry.npmjs.org/@firebase/remote-config-compat/-/remote-config-compat-0.2.9.tgz. Extracting by manifest.
784 silly tarball no local data for @firebase/remote-config@https://registry.npmjs.org/@firebase/remote-config/-/remote-config-0.4.9.tgz. Extracting by manifest.
785 silly tarball no local data for @firebase/performance@https://registry.npmjs.org/@firebase/performance/-/performance-0.6.9.tgz. Extracting by manifest.
786 silly tarball no local data for @firebase/messaging-compat@https://registry.npmjs.org/@firebase/messaging-compat/-/messaging-compat-0.2.12.tgz. Extracting by manifest.
787 silly tarball no local data for @firebase/messaging@https://registry.npmjs.org/@firebase/messaging/-/messaging-0.12.12.tgz. Extracting by manifest.
788 silly tarball no local data for idb@https://registry.npmjs.org/idb/-/idb-7.1.1.tgz. Extracting by manifest.
789 silly tarball no local data for @firebase/installations@https://registry.npmjs.org/@firebase/installations/-/installations-0.6.9.tgz. Extracting by manifest.
790 silly tarball no local data for @firebase/functions-compat@https://registry.npmjs.org/@firebase/functions-compat/-/functions-compat-0.3.14.tgz. Extracting by manifest.
791 silly tarball no local data for @firebase/installations-compat@https://registry.npmjs.org/@firebase/installations-compat/-/installations-compat-0.2.9.tgz. Extracting by manifest.
792 silly tarball no local data for @firebase/functions@https://registry.npmjs.org/@firebase/functions/-/functions-0.11.8.tgz. Extracting by manifest.
793 silly tarball no local data for @firebase/firestore-compat@https://registry.npmjs.org/@firebase/firestore-compat/-/firestore-compat-0.3.38.tgz. Extracting by manifest.
794 silly tarball no local data for @firebase/firestore@https://registry.npmjs.org/@firebase/firestore/-/firestore-4.7.3.tgz. Extracting by manifest.
795 silly tarball no local data for @firebase/database-compat@https://registry.npmjs.org/@firebase/database-compat/-/database-compat-1.0.8.tgz. Extracting by manifest.
796 silly tarball no local data for @firebase/database@https://registry.npmjs.org/@firebase/database/-/database-1.0.8.tgz. Extracting by manifest.
797 silly tarball no local data for @firebase/data-connect@https://registry.npmjs.org/@firebase/data-connect/-/data-connect-0.1.0.tgz. Extracting by manifest.
798 silly tarball no local data for @firebase/auth-compat@https://registry.npmjs.org/@firebase/auth-compat/-/auth-compat-0.5.14.tgz. Extracting by manifest.
799 silly tarball no local data for @firebase/app-check@https://registry.npmjs.org/@firebase/app-check/-/app-check-0.8.8.tgz. Extracting by manifest.
800 silly tarball no local data for @firebase/performance-compat@https://registry.npmjs.org/@firebase/performance-compat/-/performance-compat-0.2.9.tgz. Extracting by manifest.
801 silly tarball no local data for @firebase/analytics-compat@https://registry.npmjs.org/@firebase/analytics-compat/-/analytics-compat-0.2.14.tgz. Extracting by manifest.
802 silly tarball no local data for @firebase/app-check-compat@https://registry.npmjs.org/@firebase/app-check-compat/-/app-check-compat-0.3.15.tgz. Extracting by manifest.
803 silly tarball no local data for @firebase/app@https://registry.npmjs.org/@firebase/app/-/app-0.10.13.tgz. Extracting by manifest.
804 silly tarball no local data for @firebase/analytics@https://registry.npmjs.org/@firebase/analytics/-/analytics-0.10.8.tgz. Extracting by manifest.
805 silly tarball no local data for csstype@https://registry.npmjs.org/csstype/-/csstype-3.2.3.tgz. Extracting by manifest.
806 silly tarball no local data for @firebase/app-compat@https://registry.npmjs.org/@firebase/app-compat/-/app-compat-0.2.43.tgz. Extracting by manifest.
807 silly tarball no local data for @types/prop-types@https://registry.npmjs.org/@types/prop-types/-/prop-types-15.7.15.tgz. Extracting by manifest.
808 silly tarball no local data for undici-types@https://registry.npmjs.org/undici-types/-/undici-types-6.21.0.tgz. Extracting by manifest.
809 silly tarball no local data for @firebase/app-types@https://registry.npmjs.org/@firebase/app-types/-/app-types-0.9.2.tgz. Extracting by manifest.
810 silly tarball no local data for react-dom@https://registry.npmjs.org/react-dom/-/react-dom-18.3.1.tgz. Extracting by manifest.
811 silly tarball no local data for next@https://registry.npmjs.org/next/-/next-14.2.35.tgz. Extracting by manifest.
812 silly tarball no local data for typescript@https://registry.npmjs.org/typescript/-/typescript-5.5.4.tgz. Extracting by manifest.
813 silly tarball no local data for @types/react-dom@https://registry.npmjs.org/@types/react-dom/-/react-dom-18.3.7.tgz. Extracting by manifest.
814 silly tarball no local data for react@https://registry.npmjs.org/react/-/react-18.3.1.tgz. Extracting by manifest.
815 silly tarball no local data for @types/react@https://registry.npmjs.org/@types/react/-/react-18.3.31.tgz. Extracting by manifest.
816 silly tarball no local data for @types/node@https://registry.npmjs.org/@types/node/-/node-20.19.43.tgz. Extracting by manifest.
817 silly tarball no local data for @firebase/auth@https://registry.npmjs.org/@firebase/auth/-/auth-1.7.9.tgz. Extracting by manifest.
818 silly tarball no local data for @firebase/auth@https://registry.npmjs.org/@firebase/auth/-/auth-1.7.9.tgz. Extracting by manifest.
819 silly tarball no local data for firebase@https://registry.npmjs.org/firebase/-/firebase-10.14.1.tgz. Extracting by manifest.
820 http fetch GET 200 https://registry.npmjs.org/is-fullwidth-code-point/-/is-fullwidth-code-point-3.0.0.tgz 169ms (cache miss)
821 http fetch GET 200 https://registry.npmjs.org/ansi-regex/-/ansi-regex-5.0.1.tgz 170ms (cache miss)
822 http fetch GET 200 https://registry.npmjs.org/emoji-regex/-/emoji-regex-8.0.0.tgz 171ms (cache miss)
823 http fetch GET 200 https://registry.npmjs.org/color-name/-/color-name-1.1.4.tgz 174ms (cache miss)
824 http fetch GET 200 https://registry.npmjs.org/color-convert/-/color-convert-2.0.1.tgz 174ms (cache miss)
825 http fetch GET 200 https://registry.npmjs.org/ansi-styles/-/ansi-styles-4.3.0.tgz 173ms (cache miss)
826 http fetch GET 200 https://registry.npmjs.org/escalade/-/escalade-3.2.0.tgz 173ms (cache miss)
827 http fetch GET 200 https://registry.npmjs.org/safe-buffer/-/safe-buffer-5.2.1.tgz 179ms (cache miss)
828 http fetch GET 200 https://registry.npmjs.org/client-only/-/client-only-0.0.1.tgz 176ms (cache miss)
829 http fetch GET 200 https://registry.npmjs.org/http-parser-js/-/http-parser-js-0.5.10.tgz 178ms (cache miss)
830 http fetch GET 200 https://registry.npmjs.org/loose-envify/-/loose-envify-1.4.0.tgz 177ms (cache miss)
831 http fetch GET 200 https://registry.npmjs.org/js-tokens/-/js-tokens-4.0.0.tgz 177ms (cache miss)
832 http fetch GET 200 https://registry.npmjs.org/websocket-extensions/-/websocket-extensions-0.1.4.tgz 184ms (cache miss)
833 http fetch GET 200 https://registry.npmjs.org/string-width/-/string-width-4.2.3.tgz 192ms (cache miss)
834 http fetch GET 200 https://registry.npmjs.org/require-directory/-/require-directory-2.1.1.tgz 214ms (cache miss)
835 http fetch POST 200 https://registry.npmjs.org/-/npm/v1/security/advisories/bulk 242ms
836 silly audit report {
836 silly audit report   next: [
836 silly audit report     {
836 silly audit report       id: 1117931,
836 silly audit report       url: 'https://github.com/advisories/GHSA-8h8q-6873-q5fj',
836 silly audit report       title: 'Next.js Vulnerable to Denial of Service with Server Components',
836 silly audit report       severity: 'high',
836 silly audit report       vulnerable_versions: '>=13.0.0 <15.5.16',
836 silly audit report       cwe: [Array],
836 silly audit report       cvss: [Object]
836 silly audit report     },
836 silly audit report     {
836 silly audit report       id: 1118942,
836 silly audit report       url: 'https://github.com/advisories/GHSA-3g8h-86w9-wvmq',
836 silly audit report       title: "Next.js's Middleware / Proxy redirects can be cache-poisoned",
836 silly audit report       severity: 'low',
836 silly audit report       vulnerable_versions: '>=12.2.0 <15.5.16',
836 silly audit report       cwe: [Array],
836 silly audit report       cvss: [Object]
836 silly audit report     },
836 silly audit report     {
836 silly audit report       id: 1118944,
836 silly audit report       url: 'https://github.com/advisories/GHSA-ffhc-5mcf-pf4q',
836 silly audit report       title: 'Next.js vulnerable to cross-site scripting in App Router applications using CSP nonces',
836 silly audit report       severity: 'moderate',
836 silly audit report       vulnerable_versions: '>=13.4.0 <15.5.16',
836 silly audit report       cwe: [Array],
836 silly audit report       cvss: [Object]
836 silly audit report     },
836 silly audit report     {
836 silly audit report       id: 1118946,
836 silly audit report       url: 'https://github.com/advisories/GHSA-vfv6-92ff-j949',
836 silly audit report       title: 'Next.js vulnerable to cache poisoning via collisions in React Server Component cache-busting',
836 silly audit report       severity: 'low',
836 silly audit report       vulnerable_versions: '>=13.4.6 <15.5.16',
836 silly audit report       cwe: [Array],
836 silly audit report       cvss: [Object]
836 silly audit report     },
836 silly audit report     {
836 silly audit report       id: 1118948,
836 silly audit report       url: 'https://github.com/advisories/GHSA-gx5p-jg67-6x7h',
836 silly audit report       title: 'Next.js has cross-site scripting in beforeInteractive scripts with untrusted input',
836 silly audit report       severity: 'moderate',
836 silly audit report       vulnerable_versions: '>=13.0.0 <15.5.16',
836 silly audit report       cwe: [Array],
836 silly audit report       cvss: [Object]
836 silly audit report     },
836 silly audit report     {
836 silly audit report       id: 1118952,
836 silly audit report       url: 'https://github.com/advisories/GHSA-h64f-5h5j-jqjh',
836 silly audit report       title: 'Next.js has a Denial of Service in the Image Optimization API',
836 silly audit report       severity: 'moderate',
836 silly audit report       vulnerable_versions: '>=10.0.0 <15.5.16',
836 silly audit report       cwe: [Array],
836 silly audit report       cvss: [Object]
836 silly audit report     },
836 silly audit report     {
836 silly audit report       id: 1118954,
836 silly audit report       url: 'https://github.com/advisories/GHSA-c4j6-fc7j-m34r',
836 silly audit report       title: 'Next.js vulnerable to server-side request forgery in applications using WebSocket upgrades',
836 silly audit report       severity: 'high',
836 silly audit report       vulnerable_versions: '>=13.4.13 <15.5.16',
836 silly audit report       cwe: [Array],
836 silly audit report       cvss: [Object]
836 silly audit report     },
836 silly audit report     {
836 silly audit report       id: 1118958,
836 silly audit report       url: 'https://github.com/advisories/GHSA-wfc6-r584-vfw7',
836 silly audit report       title: 'Next.js vulnerable to cache poisoning in React Server Component responses',
836 silly audit report       severity: 'moderate',
836 silly audit report       vulnerable_versions: '>=14.2.0 <15.5.16',
836 silly audit report       cwe: [Array],
836 silly audit report       cvss: [Object]
836 silly audit report     },
836 silly audit report     {
836 silly audit report       id: 1118962,
836 silly audit report       url: 'https://github.com/advisories/GHSA-36qx-fr4f-26g5',
836 silly audit report       title: 'Next.js has a Middleware / Proxy bypass in Pages Router applications using i18n',
836 silly audit report       severity: 'high',
836 silly audit report       vulnerable_versions: '>=12.2.0 <15.5.16',
836 silly audit report       cwe: [Array],
836 silly audit report       cvss: [Object]
836 silly audit report     },
836 silly audit report     {
836 silly audit report       id: 1112593,
836 silly audit report       url: 'https://github.com/advisories/GHSA-9g9p-9gw9-jx7f',
836 silly audit report       title: 'Next.js self-hosted applications vulnerable to DoS via Image Optimizer remotePatterns configuration',
836 silly audit report       severity: 'moderate',
836 silly audit report       vulnerable_versions: '>=10.0.0 <15.5.10',
836 silly audit report       cwe: [Array],
836 silly audit report       cvss: [Object]
836 silly audit report     },
836 silly audit report     {
836 silly audit report       id: 1112653,
836 silly audit report       url: 'https://github.com/advisories/GHSA-h25m-26qc-wcjf',
836 silly audit report       title: 'Next.js HTTP request deserialization can lead to DoS when using insecure React Server Components',
836 silly audit report       severity: 'high',
836 silly audit report       vulnerable_versions: '>=13.0.0 <15.0.8',
836 silly audit report       cwe: [Array],
836 silly audit report       cvss: [Object]
836 silly audit report     },
836 silly audit report     {
836 silly audit report       id: 1114897,
836 silly audit report       url: 'https://github.com/advisories/GHSA-ggv3-7p47-pfv8',
836 silly audit report       title: 'Next.js: HTTP request smuggling in rewrites',
836 silly audit report       severity: 'moderate',
836 silly audit report       vulnerable_versions: '>=9.5.0 <15.5.13',
836 silly audit report       cwe: [Array],
836 silly audit report       cvss: [Object]
836 silly audit report     },
836 silly audit report     {
836 silly audit report       id: 1114940,
836 silly audit report       url: 'https://github.com/advisories/GHSA-3x4c-7xq6-9pq8',
836 silly audit report       title: 'Next.js: Unbounded next/image disk cache growth can exhaust storage',
836 silly audit report       severity: 'moderate',
836 silly audit report       vulnerable_versions: '>=10.0.0 <15.5.14',
836 silly audit report       cwe: [Array],
836 silly audit report       cvss: [Object]
836 silly audit report     },
836 silly audit report     {
836 silly audit report       id: 1116376,
836 silly audit report       url: 'https://github.com/advisories/GHSA-q4gf-8mx6-v5v3',
836 silly audit report       title: 'Next.js has a Denial of Service with Server Components',
836 silly audit report       severity: 'high',
836 silly audit report       vulnerable_versions: '>=13.0.0 <15.5.15',
836 silly audit report       cwe: [Array],
836 silly audit report       cvss: [Object]
836 silly audit report     },
836 silly audit report     {
836 silly audit report       id: 1124185,
836 silly audit report       url: 'https://github.com/advisories/GHSA-89xv-2m56-2m9x',
836 silly audit report       title: 'Next.js: Server-Side Request Forgery in Server Actions on custom servers',
836 silly audit report       severity: 'high',
836 silly audit report       vulnerable_versions: '>=14.1.1 <15.5.21',
836 silly audit report       cwe: [Array],
836 silly audit report       cvss: [Object]
836 silly audit report     },
836 silly audit report     {
836 silly audit report       id: 1124172,
836 silly audit report       url: 'https://github.com/advisories/GHSA-m99w-x7hq-7vfj',
836 silly audit report       title: 'Next.js: Denial of Service in App Router using Server Actions',
836 silly audit report       severity: 'high',
836 silly audit report       vulnerable_versions: '>=13.0.0 <15.5.21',
836 silly audit report       cwe: [Array],
836 silly audit report       cvss: [Object]
836 silly audit report     },
836 silly audit report     {
836 silly audit report       id: 1124187,
836 silly audit report       url: 'https://github.com/advisories/GHSA-68g3-v927-f742',
836 silly audit report       title: 'Next.js: Cache confusion of response bodies for requests with bodies',
836 silly audit report       severity: 'moderate',
836 silly audit report       vulnerable_versions: '>=13.0.0 <15.5.21',
836 silly audit report       cwe: [Array],
836 silly audit report       cvss: [Object]
836 silly audit report     },
836 silly audit report     {
836 silly audit report       id: 1124189,
836 silly audit report       url: 'https://github.com/advisories/GHSA-4633-3j49-mh5q',
836 silly audit report       title: 'Next.js: Cache confusion of response bodies for requests with bodies containing invalid UTF-8 byte sequences',
836 silly audit report       severity: 'moderate',
836 silly audit report       vulnerable_versions: '>=13.0.0 <15.5.21',
836 silly audit report       cwe: [Array],
836 silly audit report       cvss: [Object]
836 silly audit report     },
836 silly audit report     {
836 silly audit report       id: 1124191,
836 silly audit report       url: 'https://github.com/advisories/GHSA-4c39-4ccg-62r3',
836 silly audit report       title: 'Next.js: Unbounded Server Action payload in Edge runtime',
836 silly audit report       severity: 'moderate',
836 silly audit report       vulnerable_versions: '>=13.0.0 <15.5.21',
836 silly audit report       cwe: [Array],
836 silly audit report       cvss: [Object]
836 silly audit report     },
836 silly audit report     {
836 silly audit report       id: 1124193,
836 silly audit report       url: 'https://github.com/advisories/GHSA-p9j2-gv94-2wf4',
836 silly audit report       title: 'Next.js: Server-Side Request Forgery in rewrites via attacker-controlled destination hostname',
836 silly audit report       severity: 'high',
836 silly audit report       vulnerable_versions: '>=12.0.0 <15.5.21',
836 silly audit report       cwe: [Array],
836 silly audit report       cvss: [Object]
836 silly audit report     },
836 silly audit report     {
836 silly audit report       id: 1124197,
836 silly audit report       url: 'https://github.com/advisories/GHSA-955p-x3mx-jcvp',
836 silly audit report       title: 'Next.js: Unauthenticated disclosure of internal Server Function endpoints',
836 silly audit report       severity: 'moderate',
836 silly audit report       vulnerable_versions: '>=13.0.0 <15.5.21',
836 silly audit report       cwe: [Array],
836 silly audit report       cvss: [Object]
836 silly audit report     }
836 silly audit report   ],
836 silly audit report   undici: [
836 silly audit report     {
836 silly audit report       id: 1101609,
836 silly audit report       url: 'https://github.com/advisories/GHSA-c76h-2ccp-4975',
836 silly audit report       title: 'Use of Insufficiently Random Values in undici',
836 silly audit report       severity: 'moderate',
836 silly audit report       vulnerable_versions: '>=6.0.0 <6.21.1',
836 silly audit report       cwe: [Array],
836 silly audit report       cvss: [Object]
836 silly audit report     },
836 silly audit report     {
836 silly audit report       id: 1112496,
836 silly audit report       url: 'https://github.com/advisories/GHSA-g9mf-h72j-4rw9',
836 silly audit report       title: 'Undici has an unbounded decompression chain in HTTP responses on Node.js Fetch API via Content-Encoding leads to resource exhaustion',
836 silly audit report       severity: 'moderate',
836 silly audit report       vulnerable_versions: '<6.23.0',
836 silly audit report       cwe: [Array],
836 silly audit report       cvss: [Object]
836 silly audit report     },
836 silly audit report     {
836 silly audit report       id: 1113068,
836 silly audit report       url: 'https://github.com/advisories/GHSA-cxrh-j4jr-qwg3',
836 silly audit report       title: 'undici Denial of Service attack via bad certificate data',
836 silly audit report       severity: 'low',
836 silly audit report       vulnerable_versions: '>=6.0.0 <6.21.2',
836 silly audit report       cwe: [Array],
836 silly audit report       cvss: [Object]
836 silly audit report     },
836 silly audit report     {
836 silly audit report       id: 1114592,
836 silly audit report       url: 'https://github.com/advisories/GHSA-f269-vfmq-vjvj',
836 silly audit report       title: 'Undici: Malicious WebSocket 64-bit length overflows parser and crashes the client',
836 silly audit report       severity: 'high',
836 silly audit report       vulnerable_versions: '>=6.0.0 <6.24.0',
836 silly audit report       cwe: [Array],
836 silly audit report       cvss: [Object]
836 silly audit report     },
836 silly audit report     {
836 silly audit report       id: 1114594,
836 silly audit report       url: 'https://github.com/advisories/GHSA-2mjp-6q6p-2qxm',
836 silly audit report       title: 'Undici has an HTTP Request/Response Smuggling issue',
836 silly audit report       severity: 'moderate',
836 silly audit report       vulnerable_versions: '<6.24.0',
836 silly audit report       cwe: [Array],
836 silly audit report       cvss: [Object]
836 silly audit report     },
836 silly audit report     {
836 silly audit report       id: 1114638,
836 silly audit report       url: 'https://github.com/advisories/GHSA-vrm6-8vpv-qv8q',
836 silly audit report       title: 'Undici has Unbounded Memory Consumption in WebSocket permessage-deflate Decompression',
836 silly audit report       severity: 'high',
836 silly audit report       vulnerable_versions: '<6.24.0',
836 silly audit report       cwe: [Array],
836 silly audit report       cvss: [Object]
836 silly audit report     },
836 silly audit report     {
836 silly audit report       id: 1114640,
836 silly audit report       url: 'https://github.com/advisories/GHSA-v9p9-hfj2-hcw8',
836 silly audit report       title: 'Undici has Unhandled Exception in WebSocket Client Due to Invalid server_max_window_bits Validation',
836 silly audit report       severity: 'high',
836 silly audit report       vulnerable_versions: '<6.24.0',
836 silly audit report       cwe: [Array],
836 silly audit report       cvss: [Object]
836 silly audit report     },
836 silly audit report     {
836 silly audit report       id: 1114642,
836 silly audit report       url: 'https://github.com/advisories/GHSA-4992-7rv2-5pvq',
836 silly audit report       title: 'Undici has CRLF Injection in undici via `upgrade` option',
836 silly audit report       severity: 'moderate',
836 silly audit report       vulnerable_versions: '<6.24.0',
836 silly audit report       cwe: [Array],
836 silly audit report       cvss: [Object]
836 silly audit report     },
836 silly audit report     {
836 silly audit report       id: 1130716,
836 silly audit report       url: 'https://github.com/advisories/GHSA-8xcm-r25x-g524',
836 silly audit report       title: 'undici vulnerable to downstream response desynchronization via retry interceptor',
836 silly audit report       severity: 'moderate',
836 silly audit report       vulnerable_versions: '<6.28.0',
836 silly audit report       cwe: [Array],
836 silly audit report       cvss: [Object]
836 silly audit report     },
836 silly audit report     {
836 silly audit report       id: 1130727,
836 silly audit report       url: 'https://github.com/advisories/GHSA-m8rv-5g2x-5cg5',
836 silly audit report       title: "undici vulnerable to CRLF Injection via blob-like body 'type' property",
836 silly audit report       severity: 'moderate',
836 silly audit report       vulnerable_versions: '<6.28.0',
836 silly audit report       cwe: [Array],
836 silly audit report       cvss: [Object]
836 silly audit report     },
836 silly audit report     {
836 silly audit report       id: 1130732,
836 silly audit report       url: 'https://github.com/advisories/GHSA-v3r7-h72x-cjcm',
836 silly audit report       title: 'undici vulnerable to cookie attribute injection via unsanitized domain and unparsed setCookie fields',
836 silly audit report       severity: 'moderate',
836 silly audit report       vulnerable_versions: '<6.28.0',
836 silly audit report       cwe: [Array],
836 silly audit report       cvss: [Object]
836 silly audit report     },
836 silly audit report     {
836 silly audit report       id: 1121242,
836 silly audit report       url: 'https://github.com/advisories/GHSA-p88m-4jfj-68fv',
836 silly audit report       title: 'undici vulnerable to HTTP header injection via Set-Cookie percent-decoding',
836 silly audit report       severity: 'moderate',
836 silly audit report       vulnerable_versions: '<6.27.0',
836 silly audit report       cwe: [Array],
836 silly audit report       cvss: [Object]
836 silly audit report     },
836 silly audit report     {
836 silly audit report       id: 1121245,
836 silly audit report       url: 'https://github.com/advisories/GHSA-vxpw-j846-p89q',
836 silly audit report       title: 'undici WebSocket client vulnerable to denial of service via fragment count bypass',
836 silly audit report       severity: 'high',
836 silly audit report       vulnerable_versions: '<6.27.0',
836 silly audit report       cwe: [Array],
836 silly audit report       cvss: [Object]
836 silly audit report     },
836 silly audit report     {
836 silly audit report       id: 1121250,
836 silly audit report       url: 'https://github.com/advisories/GHSA-35p6-xmwp-9g52',
836 silly audit report       title: 'undici vulnerable to HTTP response queue poisoning via keep-alive socket reuse',
836 silly audit report       severity: 'low',
836 silly audit report       vulnerable_versions: '<6.27.0',
836 silly audit report       cwe: [Array],
836 silly audit report       cvss: [Object]
836 silly audit report     },
836 silly audit report     {
836 silly audit report       id: 1121255,
836 silly audit report       url: 'https://github.com/advisories/GHSA-g8m3-5g58-fq7m',
836 silly audit report       title: 'undici vulnerable to Set-Cookie SameSite attribute downgrade via permissive substring matching',
836 silly audit report       severity: 'low',
836 silly audit report       vulnerable_versions: '<6.27.0',
836 silly audit report       cwe: [Array],
836 silly audit report       cvss: [Object]
836 silly audit report     }
836 silly audit report   ],
836 silly audit report   postcss: [
836 silly audit report     {
836 silly audit report       id: 1130709,
836 silly audit report       url: 'https://github.com/advisories/GHSA-fxqj-rqcc-2cmp',
836 silly audit report       title: 'PostCSS: incomplete fix of GHSA-6g55-p6wh-862q — attacker-controlled sourceMappingURL reads arbitrary .map files when `from` is unset',
836 silly audit report       severity: 'moderate',
836 silly audit report       vulnerable_versions: '<=8.5.22',
836 silly audit report       cwe: [Array],
836 silly audit report       cvss: [Object]
836 silly audit report     },
836 silly audit report     {
836 silly audit report       id: 1117015,
836 silly audit report       url: 'https://github.com/advisories/GHSA-qx2v-qp2m-jg93',
836 silly audit report       title: 'PostCSS has XSS via Unescaped </style> in its CSS Stringify Output',
836 silly audit report       severity: 'moderate',
836 silly audit report       vulnerable_versions: '<8.5.10',
836 silly audit report       cwe: [Array],
836 silly audit report       cvss: [Object]
836 silly audit report     },
836 silly audit report     {
836 silly audit report       id: 1124252,
836 silly audit report       url: 'https://github.com/advisories/GHSA-6g55-p6wh-862q',
836 silly audit report       title: 'PostCSS: Arbitrary file read and information disclosure via attacker-controlled sourceMappingURL in CSS comments',
836 silly audit report       severity: 'high',
836 silly audit report       vulnerable_versions: '<=8.5.11',
836 silly audit report       cwe: [Array],
836 silly audit report       cvss: [Object]
836 silly audit report     },
836 silly audit report     {
836 silly audit report       id: 1124288,
836 silly audit report       url: 'https://github.com/advisories/GHSA-r28c-9q8g-f849',
836 silly audit report       title: 'PostCSS: Path Traversal in Previous Source Map Auto-Loading (sourceMappingURL) leads to Arbitrary .map File Disclosure',
836 silly audit report       severity: 'high',
836 silly audit report       vulnerable_versions: '<=8.5.17',
836 silly audit report       cwe: [Array],
836 silly audit report       cvss: [Object]
836 silly audit report     }
836 silly audit report   ]
836 silly audit report }
837 silly packumentCache corgi:https://registry.npmjs.org/next cache-miss
838 silly packumentCache corgi:https://registry.npmjs.org/undici cache-miss
839 silly packumentCache corgi:https://registry.npmjs.org/postcss cache-miss
840 http fetch GET 200 https://registry.npmjs.org/yargs-parser/-/yargs-parser-21.1.1.tgz 229ms (cache miss)
841 http fetch GET 200 https://registry.npmjs.org/strip-ansi/-/strip-ansi-6.0.1.tgz 241ms (cache miss)
842 http fetch GET 200 https://registry.npmjs.org/y18n/-/y18n-5.0.8.tgz 245ms (cache miss)
843 http fetch GET 200 https://registry.npmjs.org/scheduler/-/scheduler-0.23.2.tgz 256ms (cache miss)
844 http fetch GET 200 https://registry.npmjs.org/cliui/-/cliui-8.0.1.tgz 261ms (cache miss)
845 http fetch GET 200 https://registry.npmjs.org/get-caller-file/-/get-caller-file-2.0.5.tgz 262ms (cache miss)
846 http fetch GET 200 https://registry.npmjs.org/@protobufjs/pool/-/pool-1.1.0.tgz 265ms (cache miss)
847 http fetch GET 200 https://registry.npmjs.org/@protobufjs/eventemitter/-/eventemitter-1.1.1.tgz 265ms (cache miss)
848 http fetch GET 200 https://registry.npmjs.org/@protobufjs/path/-/path-1.1.2.tgz 269ms (cache miss)
849 http fetch GET 200 https://registry.npmjs.org/picocolors/-/picocolors-1.1.1.tgz 268ms (cache miss)
850 http fetch GET 200 https://registry.npmjs.org/@protobufjs/fetch/-/fetch-1.1.1.tgz 273ms (cache miss)
851 http fetch GET 200 https://registry.npmjs.org/@protobufjs/codegen/-/codegen-2.0.5.tgz 274ms (cache miss)
852 http fetch GET 200 https://registry.npmjs.org/@protobufjs/utf8/-/utf8-1.1.2.tgz 277ms (cache miss)
853 http fetch GET 200 https://registry.npmjs.org/@protobufjs/float/-/float-1.0.2.tgz 276ms (cache miss)
854 http fetch GET 200 https://registry.npmjs.org/@protobufjs/base64/-/base64-1.1.2.tgz 279ms (cache miss)
855 http fetch GET 200 https://registry.npmjs.org/@protobufjs/aspromise/-/aspromise-1.1.2.tgz 284ms (cache miss)
856 http fetch GET 200 https://registry.npmjs.org/streamsearch/-/streamsearch-1.1.0.tgz 285ms (cache miss)
857 http fetch GET 200 https://registry.npmjs.org/nanoid/-/nanoid-3.3.17.tgz 287ms (cache miss)
858 http fetch GET 200 https://registry.npmjs.org/@swc/counter/-/counter-0.1.3.tgz 313ms (cache miss)
859 http fetch GET 200 https://registry.npmjs.org/source-map-js/-/source-map-js-1.2.1.tgz 338ms (cache miss)
860 http fetch GET 200 https://registry.npmjs.org/graceful-fs/-/graceful-fs-4.2.11.tgz 409ms (cache miss)
861 http fetch GET 200 https://registry.npmjs.org/@firebase/performance-types/-/performance-types-0.2.2.tgz 424ms (cache miss)
862 http fetch GET 200 https://registry.npmjs.org/busboy/-/busboy-1.6.0.tgz 452ms (cache miss)
863 http fetch GET 200 https://registry.npmjs.org/wrap-ansi/-/wrap-ansi-7.0.0.tgz 469ms (cache miss)
864 http fetch GET 200 https://registry.npmjs.org/@next/env/-/env-14.2.35.tgz 505ms (cache miss)
865 http fetch GET 200 https://registry.npmjs.org/postcss/-/postcss-8.4.31.tgz 507ms (cache miss)
866 http fetch GET 200 https://registry.npmjs.org/@firebase/installations-types/-/installations-types-0.5.2.tgz 555ms (cache miss)
867 http fetch GET 200 https://registry.npmjs.org/@firebase/storage-types/-/storage-types-0.8.2.tgz 561ms (cache miss)
868 http fetch GET 200 https://registry.npmjs.org/lodash.camelcase/-/lodash.camelcase-4.3.0.tgz 722ms (cache miss)
869 http fetch GET 200 https://registry.npmjs.org/@firebase/functions-types/-/functions-types-0.6.2.tgz 723ms (cache miss)
870 http fetch GET 200 https://registry.npmjs.org/@firebase/messaging-interop-types/-/messaging-interop-types-0.2.2.tgz 724ms (cache miss)
871 http fetch GET 200 https://registry.npmjs.org/@firebase/database-types/-/database-types-1.0.5.tgz 738ms (cache miss)
872 http fetch GET 200 https://registry.npmjs.org/long/-/long-5.3.2.tgz 747ms (cache miss)
873 http fetch GET 200 https://registry.npmjs.org/websocket-driver/-/websocket-driver-0.7.5.tgz 747ms (cache miss)
874 http fetch GET 200 https://registry.npmjs.org/@firebase/firestore-types/-/firestore-types-3.0.2.tgz 752ms (cache miss)
875 http fetch GET 200 https://registry.npmjs.org/@firebase/app-check-interop-types/-/app-check-interop-types-0.3.2.tgz 753ms (cache miss)
876 http fetch GET 200 https://registry.npmjs.org/faye-websocket/-/faye-websocket-0.11.4.tgz 754ms (cache miss)
877 http fetch GET 200 https://registry.npmjs.org/@firebase/analytics-types/-/analytics-types-0.8.2.tgz 754ms (cache miss)
878 http fetch GET 200 https://registry.npmjs.org/styled-jsx/-/styled-jsx-5.1.1.tgz 764ms (cache miss)
879 http fetch GET 200 https://registry.npmjs.org/@grpc/proto-loader/-/proto-loader-0.7.15.tgz 758ms (cache miss)
880 http fetch GET 200 https://registry.npmjs.org/@firebase/auth-types/-/auth-types-0.12.2.tgz 764ms (cache miss)
881 http fetch GET 200 https://registry.npmjs.org/yargs/-/yargs-17.7.3.tgz 782ms (cache miss)
882 http fetch GET 200 https://registry.npmjs.org/@firebase/app-check-types/-/app-check-types-0.5.2.tgz 815ms (cache miss)
883 http fetch GET 200 https://registry.npmjs.org/@firebase/remote-config-types/-/remote-config-types-0.3.2.tgz 841ms (cache miss)
884 http fetch GET 200 https://registry.npmjs.org/@swc/helpers/-/helpers-0.5.5.tgz 881ms (cache miss)
885 http fetch GET 200 https://registry.npmjs.org/@firebase/logger/-/logger-0.4.2.tgz 978ms (cache miss)
886 http fetch GET 200 https://registry.npmjs.org/@firebase/remote-config-compat/-/remote-config-compat-0.2.9.tgz 1020ms (cache miss)
887 http fetch GET 200 https://registry.npmjs.org/@firebase/storage-compat/-/storage-compat-0.3.12.tgz 1109ms (cache miss)
888 http fetch GET 200 https://registry.npmjs.org/@firebase/component/-/component-0.6.9.tgz 1160ms (cache miss)
889 http fetch GET 200 https://registry.npmjs.org/@firebase/auth-interop-types/-/auth-interop-types-0.2.3.tgz 1192ms (cache miss)
890 http fetch GET 200 https://registry.npmjs.org/tslib/-/tslib-2.8.1.tgz 1517ms (cache miss)
891 http fetch GET 200 https://registry.npmjs.org/@firebase/webchannel-wrapper/-/webchannel-wrapper-1.0.1.tgz 1652ms (cache miss)
892 http fetch GET 200 https://registry.npmjs.org/caniuse-lite/-/caniuse-lite-1.0.30001806.tgz 1736ms (cache miss)
893 http fetch GET 200 https://registry.npmjs.org/@firebase/functions-compat/-/functions-compat-0.3.14.tgz 1892ms (cache miss)
894 http fetch GET 200 https://registry.npmjs.org/@firebase/messaging/-/messaging-0.12.12.tgz 1930ms (cache miss)
895 http fetch GET 200 https://registry.npmjs.org/idb/-/idb-7.1.1.tgz 1948ms (cache miss)
896 http fetch GET 200 https://registry.npmjs.org/@firebase/remote-config/-/remote-config-0.4.9.tgz 2033ms (cache miss)
897 http fetch GET 200 https://registry.npmjs.org/@firebase/messaging-compat/-/messaging-compat-0.2.12.tgz 2094ms (cache miss)
898 http fetch GET 200 https://registry.npmjs.org/@firebase/performance/-/performance-0.6.9.tgz 2308ms (cache miss)
899 http fetch GET 200 https://registry.npmjs.org/@firebase/installations/-/installations-0.6.9.tgz 2381ms (cache miss)
900 http fetch GET 200 https://registry.npmjs.org/@firebase/functions/-/functions-0.11.8.tgz 2396ms (cache miss)
901 http fetch GET 200 https://registry.npmjs.org/@grpc/grpc-js/-/grpc-js-1.9.16.tgz 2453ms (cache miss)
902 http fetch GET 200 https://registry.npmjs.org/@firebase/firestore-compat/-/firestore-compat-0.3.38.tgz 2674ms (cache miss)
903 http fetch GET 200 https://registry.npmjs.org/@firebase/analytics-compat/-/analytics-compat-0.2.14.tgz 2978ms (cache miss)
904 http fetch GET 200 https://registry.npmjs.org/@firebase/performance-compat/-/performance-compat-0.2.9.tgz 3058ms (cache miss)
905 http fetch GET 200 https://registry.npmjs.org/@firebase/app-check/-/app-check-0.8.8.tgz 3099ms (cache miss)
906 http fetch GET 200 https://registry.npmjs.org/@firebase/app-check-compat/-/app-check-compat-0.3.15.tgz 3281ms (cache miss)
907 http fetch GET 200 https://registry.npmjs.org/@firebase/installations-compat/-/installations-compat-0.2.9.tgz 3408ms (cache miss)
908 http fetch GET 200 https://registry.npmjs.org/@firebase/data-connect/-/data-connect-0.1.0.tgz 3475ms (cache miss)
909 http fetch GET 200 https://registry.npmjs.org/@firebase/util/-/util-1.10.0.tgz 3501ms (cache miss)
910 http fetch GET 200 https://registry.npmjs.org/undici-types/-/undici-types-6.21.0.tgz 3815ms (cache miss)
911 http fetch GET 200 https://registry.npmjs.org/@firebase/app-compat/-/app-compat-0.2.43.tgz 3823ms (cache miss)
912 http fetch GET 200 https://registry.npmjs.org/@firebase/app-types/-/app-types-0.9.2.tgz 3898ms (cache miss)
913 http fetch GET 200 https://registry.npmjs.org/@firebase/analytics/-/analytics-0.10.8.tgz 3950ms (cache miss)
914 http fetch GET 200 https://registry.npmjs.org/@firebase/vertexai-preview/-/vertexai-preview-0.0.4.tgz 4027ms (cache miss)
915 http fetch GET 200 https://registry.npmjs.org/@firebase/app/-/app-0.10.13.tgz 4058ms (cache miss)
916 http fetch GET 200 https://registry.npmjs.org/csstype/-/csstype-3.2.3.tgz 4126ms (cache miss)
917 http fetch GET 200 https://registry.npmjs.org/@types/react-dom/-/react-dom-18.3.7.tgz 4265ms (cache miss)
918 http fetch GET 200 https://registry.npmjs.org/protobufjs/-/protobufjs-7.6.5.tgz 4344ms (cache miss)
919 http fetch GET 200 https://registry.npmjs.org/@types/react/-/react-18.3.31.tgz 4740ms (cache miss)
920 http fetch GET 200 https://registry.npmjs.org/@types/prop-types/-/prop-types-15.7.15.tgz 4765ms (cache miss)
921 http fetch GET 200 https://registry.npmjs.org/@firebase/auth-compat/-/auth-compat-0.5.14.tgz 4854ms (cache miss)
922 http fetch GET 200 https://registry.npmjs.org/@firebase/database-compat/-/database-compat-1.0.8.tgz 4895ms (cache miss)
923 http fetch GET 200 https://registry.npmjs.org/react/-/react-18.3.1.tgz 5407ms (cache miss)
924 http fetch GET 200 https://registry.npmjs.org/@firebase/storage/-/storage-0.13.2.tgz 5898ms (cache miss)
925 http fetch GET 200 https://registry.npmjs.org/undici 5788ms (cache miss)
926 silly packumentCache corgi:https://registry.npmjs.org/undici set size:undefined disposed:false
927 http fetch GET 200 https://registry.npmjs.org/postcss 6412ms (cache miss)
928 silly packumentCache corgi:https://registry.npmjs.org/postcss set size:undefined disposed:false
929 http fetch GET 200 https://registry.npmjs.org/undici/-/undici-6.19.7.tgz 7180ms (cache miss)
930 http fetch GET 200 https://registry.npmjs.org/@types/node/-/node-20.19.43.tgz 7584ms (cache miss)
931 http fetch GET 200 https://registry.npmjs.org/react-dom/-/react-dom-18.3.1.tgz 17646ms (cache miss)
932 http fetch GET 200 https://registry.npmjs.org/@firebase/auth/-/auth-1.7.9.tgz 21177ms (cache miss)
933 http fetch GET 200 https://registry.npmjs.org/@firebase/database/-/database-1.0.8.tgz 21375ms (cache miss)
934 http fetch GET 200 https://registry.npmjs.org/@firebase/auth/-/auth-1.7.9.tgz 24518ms (cache miss)
935 http fetch GET 200 https://registry.npmjs.org/next 24580ms (cache miss)
936 silly packumentCache corgi:https://registry.npmjs.org/next set size:undefined disposed:false
937 silly packumentCache corgi:https://registry.npmjs.org/@firebase%2fauth cache-miss
938 silly packumentCache corgi:https://registry.npmjs.org/@firebase%2fauth-compat cache-miss
939 silly packumentCache corgi:https://registry.npmjs.org/@firebase%2ffirestore cache-miss
940 silly packumentCache corgi:https://registry.npmjs.org/@firebase%2ffunctions cache-miss
941 silly packumentCache corgi:https://registry.npmjs.org/@firebase%2fstorage cache-miss
942 http fetch GET 200 https://registry.npmjs.org/typescript/-/typescript-5.5.4.tgz 30933ms (cache miss)
943 http fetch GET 200 https://registry.npmjs.org/@firebase%2fauth-compat 5934ms (cache miss)
944 silly packumentCache corgi:https://registry.npmjs.org/@firebase%2fauth-compat set size:undefined disposed:false
945 http fetch GET 200 https://registry.npmjs.org/@firebase/firestore/-/firestore-4.7.3.tgz 37720ms (cache miss)
946 http fetch GET 200 https://registry.npmjs.org/@firebase%2ffunctions 11599ms (cache miss)
947 silly packumentCache corgi:https://registry.npmjs.org/@firebase%2ffunctions set size:undefined disposed:false
948 http fetch GET 200 https://registry.npmjs.org/firebase/-/firebase-10.14.1.tgz 39374ms (cache miss)
949 http fetch GET 200 https://registry.npmjs.org/@firebase%2fstorage 13618ms (cache miss)
950 silly packumentCache corgi:https://registry.npmjs.org/@firebase%2fstorage set size:undefined disposed:false
951 http fetch GET 200 https://registry.npmjs.org/@firebase%2ffirestore 14064ms (cache miss)
952 silly packumentCache corgi:https://registry.npmjs.org/@firebase%2ffirestore set size:undefined disposed:false
953 http fetch GET 200 https://registry.npmjs.org/@firebase%2fauth 17174ms (cache miss)
954 silly packumentCache corgi:https://registry.npmjs.org/@firebase%2fauth set size:undefined disposed:false
955 silly packumentCache corgi:https://registry.npmjs.org/firebase cache-miss
956 http fetch GET 200 https://registry.npmjs.org/firebase 9419ms (cache miss)
957 silly packumentCache corgi:https://registry.npmjs.org/firebase set size:undefined disposed:false
958 silly packumentCache corgi:https://registry.npmjs.org/@firebase%2ffunctions-compat cache-miss
959 http fetch GET 200 https://registry.npmjs.org/@firebase%2ffunctions-compat 10101ms (cache miss)
960 silly packumentCache corgi:https://registry.npmjs.org/@firebase%2ffunctions-compat set size:undefined disposed:false
961 silly packumentCache corgi:https://registry.npmjs.org/@firebase%2fstorage-compat cache-miss
962 http fetch GET 200 https://registry.npmjs.org/@firebase%2fstorage-compat 12073ms (cache miss)
963 silly packumentCache corgi:https://registry.npmjs.org/@firebase%2fstorage-compat set size:undefined disposed:false
964 silly packumentCache corgi:https://registry.npmjs.org/@firebase%2ffirestore-compat cache-miss
965 http fetch GET 200 https://registry.npmjs.org/@firebase%2ffirestore-compat 15520ms (cache miss)
966 silly packumentCache corgi:https://registry.npmjs.org/@firebase%2ffirestore-compat set size:undefined disposed:false
967 http fetch GET 200 https://registry.npmjs.org/next/-/next-14.2.35.tgz 123582ms (cache miss)
968 http fetch GET 200 https://registry.npmjs.org/@next/swc-darwin-arm64/-/swc-darwin-arm64-14.2.33.tgz 139558ms (cache miss)
969 info run protobufjs@7.6.5 postinstall node_modules/protobufjs node scripts/postinstall
970 info run protobufjs@7.6.5 postinstall { code: 0, signal: null }
971 silly ADD node_modules/color-name
972 silly ADD node_modules/color-convert
973 silly ADD node_modules/ansi-styles
974 silly ADD node_modules/ansi-regex
975 silly ADD node_modules/is-fullwidth-code-point
976 silly ADD node_modules/emoji-regex
977 silly ADD node_modules/wrap-ansi
978 silly ADD node_modules/strip-ansi
979 silly ADD node_modules/yargs-parser
980 silly ADD node_modules/y18n
981 silly ADD node_modules/string-width
982 silly ADD node_modules/require-directory
983 silly ADD node_modules/get-caller-file
984 silly ADD node_modules/escalade
985 silly ADD node_modules/cliui
986 silly ADD node_modules/websocket-extensions
987 silly ADD node_modules/safe-buffer
988 silly ADD node_modules/http-parser-js
989 silly ADD node_modules/client-only
990 silly ADD node_modules/scheduler
991 silly ADD node_modules/js-tokens
992 silly ADD node_modules/loose-envify
993 silly ADD node_modules/@protobufjs/utf8
994 silly ADD node_modules/@protobufjs/pool
995 silly ADD node_modules/@protobufjs/path
996 silly ADD node_modules/@protobufjs/float
997 silly ADD node_modules/@protobufjs/fetch
998 silly ADD node_modules/@protobufjs/eventemitter
999 silly ADD node_modules/@protobufjs/codegen
1000 silly ADD node_modules/@protobufjs/base64
1001 silly ADD node_modules/@protobufjs/aspromise
1002 silly ADD node_modules/source-map-js
1003 silly ADD node_modules/picocolors
1004 silly ADD node_modules/nanoid
1005 silly ADD node_modules/streamsearch
1006 silly ADD node_modules/@swc/counter
1007 silly ADD node_modules/styled-jsx
1008 silly ADD node_modules/postcss
1009 silly ADD node_modules/graceful-fs
1010 silly ADD node_modules/caniuse-lite
1011 silly ADD node_modules/busboy
1012 silly ADD node_modules/@swc/helpers
1013 silly ADD
1014 silly ADD
1015 silly ADD
1016 silly ADD
1017 silly ADD
1018 silly ADD
1019 silly ADD
1020 silly ADD
1021 silly ADD node_modules/@next/swc-darwin-arm64
1022 silly ADD node_modules/@next/env
1023 silly ADD node_modules/websocket-driver
1024 silly ADD node_modules/yargs
1025 silly ADD node_modules/protobufjs
1026 silly ADD node_modules/long
1027 silly ADD node_modules/lodash.camelcase
1028 silly ADD node_modules/@firebase/storage-types
1029 silly ADD node_modules/@firebase/remote-config-types
1030 silly ADD node_modules/@firebase/performance-types
1031 silly ADD node_modules/@firebase/installations-types
1032 silly ADD node_modules/@firebase/functions-types
1033 silly ADD node_modules/@firebase/messaging-interop-types
1034 silly ADD node_modules/@firebase/firestore-types
1035 silly ADD node_modules/@grpc/proto-loader
1036 silly ADD node_modules/@grpc/grpc-js
1037 silly ADD node_modules/@firebase/webchannel-wrapper
1038 silly ADD node_modules/@firebase/database-types
1039 silly ADD node_modules/faye-websocket
1040 silly ADD node_modules/@firebase/app-check-interop-types
1041 silly ADD node_modules/@firebase/auth-interop-types
1042 silly ADD node_modules/undici
1043 silly ADD node_modules/@firebase/auth-types
1044 silly ADD node_modules/@firebase/app-check-types
1045 silly ADD node_modules/idb
1046 silly ADD node_modules/@firebase/analytics-types
1047 silly ADD node_modules/tslib
1048 silly ADD node_modules/@firebase/logger
1049 silly ADD node_modules/@firebase/component
1050 silly ADD node_modules/@firebase/vertexai-preview
1051 silly ADD node_modules/@firebase/util
1052 silly ADD node_modules/@firebase/storage-compat
1053 silly ADD node_modules/@firebase/storage
1054 silly ADD node_modules/@firebase/remote-config-compat
1055 silly ADD node_modules/@firebase/remote-config
1056 silly ADD node_modules/@firebase/performance-compat
1057 silly ADD node_modules/@firebase/performance
1058 silly ADD node_modules/@firebase/messaging-compat
1059 silly ADD node_modules/@firebase/messaging
1060 silly ADD node_modules/@firebase/installations-compat
1061 silly ADD node_modules/@firebase/installations
1062 silly ADD node_modules/@firebase/functions-compat
1063 silly ADD node_modules/@firebase/functions
1064 silly ADD node_modules/@firebase/firestore-compat
1065 silly ADD node_modules/@firebase/firestore
1066 silly ADD node_modules/@firebase/database-compat
1067 silly ADD node_modules/@firebase/database
1068 silly ADD node_modules/@firebase/data-connect
1069 silly ADD node_modules/@firebase/auth-compat
1070 silly ADD node_modules/@firebase/auth-compat/node_modules/@firebase/auth
1071 silly ADD node_modules/@firebase/app-types
1072 silly ADD node_modules/@firebase/app-check-compat
1073 silly ADD node_modules/@firebase/app-check
1074 silly ADD node_modules/@firebase/app-compat
1075 silly ADD node_modules/@firebase/analytics-compat
1076 silly ADD node_modules/@firebase/app
1077 silly ADD node_modules/@firebase/analytics
1078 silly ADD node_modules/csstype
1079 silly ADD node_modules/@types/prop-types
1080 silly ADD node_modules/undici-types
1081 silly ADD node_modules/typescript
1082 silly ADD node_modules/react-dom
1083 silly ADD node_modules/react
1084 silly ADD node_modules/next
1085 silly ADD node_modules/firebase
1086 silly ADD node_modules/firebase/node_modules/@firebase/auth
1087 silly ADD node_modules/@types/react-dom
1088 silly ADD node_modules/@types/react
1089 silly ADD node_modules/@types/node
1090 verbose cwd /Users/worklaptop/Bazaaric
1091 verbose os Darwin 24.6.0
1092 verbose node v20.20.1
1093 verbose npm  v10.8.2
1094 notice
1094 notice New [31mmajor[39m version of npm available! [31m10.8.2[39m -> [34m12.0.2[39m
1094 notice Changelog: [34mhttps://github.com/npm/cli/releases/tag/v12.0.2[39m
1094 notice To update run: [4mnpm install -g npm@12.0.2[24m
1094 notice  { force: true, [Symbol(proc-log.meta)]: true }
1095 verbose exit 0
1096 info ok
